User ID,Name,Email,Interests,Age,Address,Device,Duration
4c731e48-0377-4d7d-b4c8-b2174b774ed8,Gary Hill,GHbnuothhymw,"[0, 1]",41,"6208 Wright Mountains
Bryantfurt, AR 02531",Microsoft,11
95258c36-5b6b-4591-85ee-0c43f503c1d5,Michael Deering,MD@gmail.com,['tennis'],23,"534 Williams Turnpike Suite 788
Port Julie, WA 70786",Apple,51
a8229d24-f219-4930-a382-24049a8f73bb,Richard Bain,RB@gmail.com,"['fitness', 'cooking', 'animals', 'travel']",25,"867 Lisa Causeway Apt. 015
West Brentmouth, AL 99540",HTC,25
8f41c07f-db4f-44f3-ae81-1f99cee047eb,Kristi Mccarthy,KM@gmail.com,"['technology', 'culture', 'veganism']",2,"5687 Wilson Harbors Suite 763
Lake Robert, FL 22223",Motorola,68
3af8d78b-55c4-4ac0-8161-7cc3f6ec11c9,Betty Ellis,BE@gmail.com,['education'],44,"Unit 2614 Box 8996
DPO AE 23660",Huawei,57
2bd9c167-e06c-47c1-a978-3403d6724606,Hazel Neville,HN@gmail.com,"['culture', 'healthy eating']",28,"42350 Wilson Turnpike Suite 472
Mendezmouth, VT 50550",Apple,90
7dd7dec0-5758-4a6e-a7dd-27a20e57c757,Kathryn Henderson,KH@gmail.com,"['cooking', 'technology', 'fitness']",2,"998 Lauren Villages Suite 720
Susanland, HI 92070",Apple,40
f62c96d8-5b1e-45c6-8a65-b36a9387827d,Charles Pennington,CP@gmail.com,"['food', 'culture']",4,"418 Jennifer Motorway Suite 815
Cruzview, GA 03543",Microsoft,6
22056f9e-4654-44e9-930d-2fabdeb80f95,Chester Smith,CS@gmail.com,"['public speaking', 'science', 'veganism', 'tennis']",23,"271 Ashley Fork Suite 100
Michaelburgh, MO 35011",Huawei,58
30a7de62-d6a1-47d6-963f-0724adf18c4b,Debbie Stanton,DS@gmail.com,['animals'],30,"56824 Crystal Freeway
Hoovermouth, ME 38682",Huawei,12
c7b6e374-1bef-48c3-8222-cc231dbd5cce,Justin Hooper,JH@gmail.com,"['veganism', 'science', 'education']",8,"4719 Joseph Cape Apt. 672
Port Nathanielhaven, SC 42585",Huawei,21
eff1e86a-8ede-4a41-818b-9442e3181ee3,Eva Brown,EB@gmail.com,"['studying', 'fitness']",25,"PSC 8330, Box 1422
APO AP 16415",Samsung,8
346174b1-4661-4cdd-8c47-66dbd013cd56,William Christensen,WC@gmail.com,"['travel', 'veganism', 'food']",32,"24228 Abbott Roads
Johnsonhaven, AZ 90289",Microsoft,56
0f1f6aef-b094-4b4d-b6b6-412ebc42c12b,Daniel Beede,DB@gmail.com,"['healthy eating', 'public speaking', 'soccer']",34,"8639 Gary Springs
Ronaldview, HI 08179",Google,18
0828c4e1-63ec-4121-aa07-eefd37954bb9,Violet Thomas,VT@gmail.com,"['tennis', 'cooking', 'science']",4,"8690 Martin Hollow
Janetfurt, MN 29250",HTC,81
8665a934-dc22-482b-9289-2e2c9d6a4095,Gavin Anderson,GA@gmail.com,"['healthy eating', 'food', 'soccer', 'healthy eating']",42,"23776 Nathan Street
New Andrew, ME 65273",Apple,24
d4dc38d4-5c80-428f-95da-b746a275531c,Timothy Martin,TM@gmail.com,"['education', 'culture', 'food']",30,"PSC 9080, Box 4772
APO AE 11277",Microsoft,8
5ff89fb3-b364-494f-b62d-07097b2ffa12,Suzanne Campbell,SC@gmail.com,"['food', 'healthy eating', 'culture', 'education']",19,"55166 Christian Islands
East Stephanie, SC 24173",Google,84
bbef3be1-172e-44bb-be3b-013140707ecf,Marie Laflam,ML@gmail.com,"['studying', 'public speaking', 'soccer', 'food']",21,"8832 Madison Fork
Sherriport, MD 39044",Apple,72
fb4654ff-ce23-4a77-b52a-50f8948b5664,Jo Pearson,JP@gmail.com,"['culture', 'public speaking']",14,"60402 Liu Ports
Ryanmouth, MT 81556",Huawei,12
77908afa-eff6-49a9-b042-04fff799a0ff,Diane Hall,DH@gmail.com,['tennis'],21,"125 Robert Path
North Ashleystad, MS 10419",Google,31
26c6734f-42b6-48f8-a08e-e1c3a79019d0,Kerry Flores,KF@gmail.com,"['cooking', 'animals']",41,"9597 Guzman Bridge Apt. 326
West Veronicaton, SD 07093",HTC,35
41b0ee09-2868-4c4b-a22d-b533a7fa46af,Cristi Miller,CM@gmail.com,"['soccer', 'studying', 'science']",29,"99287 Wilson Park Apt. 318
Tonitown, IA 78146",Google,74
2ab641a8-6ad4-4d1a-8511-d87ff5346773,Kathy Johnson,KJ@gmail.com,"['education', 'technology']",39,"3272 Hall Camp Suite 066
East Nathanborough, AL 79047",Huawei,53
da97952a-2eba-46c4-a19e-3df3c40a1524,Rhoda Lopez,RL@gmail.com,"['animals', 'travel', 'science', 'studying']",38,"03312 Alexander Shores Apt. 213
New Krystalburgh, IN 99313",Microsoft,79
92c3576c-8634-42a8-8005-6e1ff8c207e8,Patrick Ponce,PP@gmail.com,['veganism'],25,"371 Payne Village Apt. 262
Brianton, KS 65215",HTC,11
a1a9c0bd-785a-478f-a19e-9eb48fae0bd6,Amanda Price,AP@gmail.com,"['public speaking', 'education', 'culture', 'science']",7,"82182 Matthew Point Apt. 310
Port Nicolebury, WV 57530",HTC,12
e8493c32-7f6f-4e57-a691-cf0df6f015c9,Elizabeth Holmes,EH@gmail.com,"['soccer', 'animals']",21,"7927 Curtis Glen Suite 568
South Thomas, CT 71151",Motorola,23
aa71ef91-252d-4c99-92ad-cf617f09fced,Rose Cook,RC@gmail.com,"['studying', 'studying']",3,"65135 Paul Cliff
West Wendy, KY 36605",Motorola,5
dcc6000c-ba92-472c-8bc1-9e9ca30b475b,Randal Davis,RD@gmail.com,"['education', 'food']",9,"45056 Tammy Springs
West Nicole, VT 62857",HTC,98
9ce133df-bd87-4559-96d7-a402add824ca,Yen Bruton,YB@gmail.com,"['science', 'studying', 'culture', 'culture']",16,"440 Morgan Groves
Sharonmouth, NV 16890",Samsung,36
63e07d14-7bed-44b8-9cf0-4a7e9b2a99ea,Bonnie Castillo,BC@gmail.com,"['dogs', 'studying', 'public speaking']",32,"42803 Crawford Extensions Suite 059
New Dustinshire, NM 59137",Microsoft,10
a559688e-3f10-436f-a25e-8ad553eacb89,Kari Jones,KJ@gmail.com,"['studying', 'tennis']",28,"351 Bolton Avenue Suite 438
Michaelport, OR 87388",Apple,19
3c45659f-e24d-4b0d-8210-0b7704ea1ac6,Mary Judge,MJ@gmail.com,"['education', 'studying', 'education', 'culture']",14,"788 Daniel Land Suite 400
Cameronmouth, NH 99911",Google,66
2aae6657-1214-4119-8cde-6b0dc5cd5529,Christopher Gipson,CG@gmail.com,"['healthy eating', 'dogs', 'science', 'soccer']",40,"189 Heidi Glen
Fisherborough, KS 37123",Microsoft,92
002cd824-10f2-447c-8d1c-940325a1cdf4,Deborah Eastes,DE@gmail.com,"['food', 'soccer', 'public speaking', 'public speaking']",5,"891 Anderson Point
Port Brooke, ID 74539",Huawei,51
0c347562-ce55-450b-91ab-0707662b36f5,Julia Rivera,JR@gmail.com,"['animals', 'culture']",35,"371 Crawford Cliffs
Welchmouth, LA 19265",HTC,78
b143cd2b-20b1-4e9c-9bb7-cfb359b33d01,Judy Cobbley,JC@gmail.com,['soccer'],36,"19989 Gina Burgs Suite 207
Johnsonmouth, NV 87900",Samsung,44
3f2d07e5-3604-4873-9737-bb44340773d8,Shawn Landau,SL@gmail.com,['fitness'],26,"USNV Brown
FPO AE 46644",Motorola,54
7918d465-0953-4f20-9e28-539e74c82e2f,Lesley Franich,LF@gmail.com,"['animals', 'dogs', 'travel']",5,"655 Jessica Valleys Apt. 029
Wilsonmouth, OH 61668",Apple,79
9e9c6089-692f-406c-afee-50f62c127e9d,Brandon Portillo,BPssplwxufql,"['tennis', 'travel', 'science', 'education']",16,"USS Hahn
FPO AA 69593",Apple,58
fd7396b2-a18b-449c-b326-e676aebd7776,Douglas Colon,DC@gmail.com,['veganism'],41,"982 Jones Stream Apt. 637
Aliceton, OR 78687",Motorola,26
9dcb5fd8-9e7f-40d3-bd1d-edf33ecf6388,Jorge Oglesby,JO@gmail.com,"['food', 'animals', 'science', 'soccer']",33,"65767 John Stravenue
North Thomasbury, WA 51467",Samsung,89
dab237a2-dcc9-4322-a9b6-b2d16ee38c78,Raymond Whitley,RW@gmail.com,"['healthy eating', 'healthy eating']",8,"01459 Ross Parkways Apt. 126
Haynesshire, MT 71948",HTC,21
1932a904-86ba-4438-bb52-b7e6516a4019,Louise Laramore,LL@gmail.com,['dogs'],20,"209 Christina Valleys
West Jason, OK 13984",Motorola,42
877ce8ba-564f-4b86-9cdc-94a93d9a7997,Javier Johnson,JJ@gmail.com,"['soccer', 'culture', 'tennis', 'culture']",3,"29756 Frances Inlet
Sarahborough, NJ 69740",Apple,99
7d624010-a0e7-455b-a606-48c5c467dd80,Larry Mcgee,LM@gmail.com,"['food', 'animals']",23,"190 Weaver Shores Apt. 074
Guzmanmouth, DC 40739",Huawei,19
0871bb31-3d6e-4e4c-ab19-95a262cac0d4,Jose Pankratz,JP@gmail.com,['science'],2,"112 Silva Station
Port Sheilafort, IA 35620",Samsung,14
f9ecf6a2-8402-43b3-bf22-8cd54394ea02,David Pujols,DP@gmail.com,['veganism'],28,"282 David Cliffs
Lake Savannah, WA 21990",Huawei,56
132b1407-16fa-48f8-8112-3e426974bbb7,Leonard Lavigne,LL@gmail.com,"['healthy eating', 'cooking']",11,"739 Charles Garden
Michellemouth, KS 19336",Google,17
b9480379-4b96-412c-8dca-96fff9ae81a3,Everett Vance,EV@gmail.com,"['food', 'soccer', 'healthy eating']",21,"0538 David Roads
Fergusonmouth, MD 32236",Google,40
fe15963d-0a77-4247-9bc6-04e146b826b2,Gary Scott,GS@gmail.com,"['food', 'tennis']",38,"187 Renee Canyon Suite 879
Lake Brianaberg, AL 34115",Motorola,8
69527334-c362-47df-87fc-5e2b5e2605e5,Gilbert Faire,GF@gmail.com,"['travel', 'tennis']",38,"8905 Taylor Squares
Mahoneyview, OK 75053",HTC,15
6e98e5c2-b7d7-4915-bb20-d01a42d29dee,William Cunningham,WC@gmail.com,['travel'],18,"495 Eddie Plains
Hoganside, TN 74210",Microsoft,77
90e2caab-9daa-4bf0-8104-c25e6c70c59d,Kecia Jensen,KJ@gmail.com,"['cooking', 'travel', 'animals']",33,"49297 Logan Forge Suite 391
Port Tyler, OK 30237",HTC,15
43dc107a-bd3f-4cfe-96f7-8d17ca485bc2,Ernest Pangallo,EP@gmail.com,['education'],32,"537 Jessica Crescent
East Christinafort, OR 26165",Motorola,70
85a3acae-0e71-49f4-a6ee-13d3df1f4962,John Neal,JN@gmail.com,['public speaking'],9,"7523 Pierce Motorway Apt. 648
Lopeztown, WV 43348",Microsoft,89
4cff698b-def1-497c-a78e-75058de67fe8,Sarah Lococo,SL@gmail.com,['animals'],38,"38904 Nguyen Lock Suite 118
Lake Robert, CA 25680",Huawei,74
5ffd8b51-164e-47e2-885e-8b8c46eb63ed,Ruth Nemoede,RN@gmail.com,['science'],0,"PSC 9038, Box 4090
APO AP 52456",Huawei,98
95023c1b-04b7-4efd-ab34-61a4a70bb9d8,Arthur Wittmer,AW@gmail.com,"['studying', 'public speaking', 'travel', 'studying']",5,"038 Roy Port Suite 983
Charlesstad, MT 64615",HTC,54
2026ccb6-77b2-494c-9b6b-a5d32aa86776,James Pao,JP@gmail.com,"[0, 1, 2, 3]",24,"2908 Martha Drive
West Travisport, KY 02699",Google,90
ad9f5c2f-aa30-4baf-b084-56b1a4b63b09,Roberta Harris,RH@gmail.com,"['public speaking', 'technology', 'science']",16,"3846 Maynard Estates Suite 429
Andrewmouth, MD 84230",Microsoft,6
7bf3ce80-784e-42a0-b06a-dbbd1e31a9b7,Norma George,NG@gmail.com,['dogs'],8,"76066 Darren Village
Port Tammie, MI 63748",HTC,58
92b87fa5-f271-43e0-af66-84fac21052e6,Myrtis Clark,MC@gmail.com,['cooking'],30,"0574 Elizabeth Road Suite 512
East Candiceville, ND 76242",Huawei,11
ed1c744d-8561-4b41-b83c-7bf554fbca97,Martha Heaps,MH@gmail.com,"['science', 'education']",10,"PSC 8622, Box 3896
APO AP 71913",Apple,90
e8c9386c-8fbc-40cc-9587-ccb912ec5c10,Maryann Gillis,MG@gmail.com,['food'],36,"32252 Allen Land
West Angelatown, TX 49832",Huawei,74
df1e7940-d514-40aa-af3a-e742792c4b5e,William Schoen,WS@gmail.com,"['veganism', 'science']",15,"138 Bennett Viaduct
North Barrymouth, NH 82285",Samsung,73
6e9c7f30-264a-4aa0-b3ac-36e852d10906,Linda Zettlemoyer,LZ@gmail.com,"['healthy eating', 'healthy eating', 'food']",25,"PSC 2768, Box 0408
APO AA 38458",Microsoft,2
69fcad9e-45a9-4189-b7e1-96b26c57c542,Norbert Hudnell,NH@gmail.com,"['animals', 'fitness', 'fitness']",34,"38435 Dominguez Views Suite 347
Kellystad, WI 07929",Huawei,56
094fbe49-da84-4445-9d28-7fc5f593f5ad,Susan Dodd,SD@gmail.com,"['studying', 'science', 'veganism', 'public speaking']",36,"682 Michelle Forge Apt. 257
Port Brandon, WY 73810",HTC,35
ec2729db-9794-466e-93ba-a19402e16bef,Johnny Nghe,JN@gmail.com,"['fitness', 'fitness']",5,"5622 Ruiz Squares Apt. 927
Ellenview, NE 76223",Motorola,27
ddd079a8-00dd-4aab-9551-11961171db16,Edward Kettler,EK@gmail.com,['public speaking'],17,"088 Smith Via Suite 090
Danielmouth, SC 45333",HTC,83
d97f6964-a2d4-4d55-8f3d-5b4aac2f569f,Erin Stanley,ES@gmail.com,['public speaking'],34,"3073 Brett Bridge Apt. 897
Lake Thomasfurt, VT 78445",Huawei,85
9ed68c70-13fd-4346-808f-2665943c46d6,Maritza Kahola,MK@gmail.com,"['soccer', 'science', 'healthy eating', 'healthy eating']",0,"Unit 8003 Box 5162
DPO AP 61225",Huawei,19
9b6d35f9-5e15-4cd0-a8d7-b1f3340e02c4,Donna Valdovinos,DV@gmail.com,"['animals', 'animals', 'dogs']",23,"0090 Adams Viaduct
New Benjamin, VT 75869",HTC,19
6fd58dea-315a-4ab2-8023-424a6ff455cd,Elaine Brown,EB@gmail.com,"['food', 'tennis']",28,"87776 Rachel Plains Suite 992
Port Williamville, OH 33676",sbnnz,73
35d6a1f3-e358-4d4b-8074-05f3b7f35c2a,Oscar Gilman,OG@gmail.com,"['cooking', 'culture', 'studying', 'tennis']",32,"2846 Jones Field
Leeberg, ME 29721",Motorola,67
e3417115-6e56-4f55-a4ae-70353582a8c4,John Polsgrove,JP@gmail.com,"['healthy eating', 'public speaking']",6,"3645 Jacob Rapid Suite 379
Martinside, AK 05542",Motorola,46
9d0a0b94-b081-40d7-bf56-6f8f4750dbaf,Raymond Wander,RW@gmail.com,"['studying', 'science']",16,"24312 Martin Views
Marytown, AZ 15304",Microsoft,10
29ba1f29-2e45-41bd-9c43-05d0dae6c1c6,Katherine Riffle,KR@gmail.com,['technology'],36,"305 Gutierrez Forks
Mayborough, FL 20709",Motorola,88
0c5b0547-820a-4beb-832e-3162f74ccfa7,Rebecca Morrison,RMnemqyjpmju,['tennis'],17,"000 Melissa Fields
Michelleview, AR 95265",Motorola,53
48e26178-5cdd-4568-9990-d3bc5937910b,Benjamin Baker,BB@gmail.com,"['fitness', 'technology', 'veganism']",43,"12492 Harris Underpass Apt. 319
Larryfurt, OH 30726",Huawei,73
40e643fb-369c-4ecb-beb7-810114f331fa,William Haynes,WH@gmail.com,"['dogs', 'soccer']",14,"46924 Scott Trafficway
Dalemouth, SD 70346",Huawei,78
8fe167eb-3c69-459a-b32d-b030b942eab4,Alison Brady,AB@gmail.com,"['travel', 'food', 'technology', 'culture']",1,"501 Sherry Junction
Reynoldsview, MN 89430",HTC,62
0a1cde57-79ab-4c61-b664-1d3b290b43cf,Tara Cruz,TC@gmail.com,['public speaking'],14,"5003 Potter Alley
Lake Meredith, NH 92634",Google,68
6ecb39b1-8f85-44f1-b2f3-0cffcba4d731,Clifford Hebert,CH@gmail.com,"['animals', 'travel', 'travel']",22,"181 Kristen Estates
Hullchester, OH 44577",HTC,19
b6d04982-1509-41ab-a700-b390d6cb4d02,Michelle Limerick,ML@gmail.com,"['tennis', 'fitness']",39,"3817 Brittany Knoll Suite 377
Danieltown, NY 07981",Google,95
d55f3314-96cc-4a5d-b650-f43f094cd3c3,Ruben Herring,RH@gmail.com,"['tennis', 'healthy eating', 'cooking', 'tennis']",36,"20863 Adams Turnpike Apt. 181
Lake Michelle, OK 08049",Google,50
7b7b5825-2ae1-4119-99a7-e638f13267a0,Raymond Schmidt,RS@gmail.com,"['cooking', 'technology', 'public speaking', 'tennis']",15,"Unit 0551 Box 4181
DPO AA 15539",Huawei,77
f182f7d5-e202-4e89-832e-02205dd2ff02,Alice Oh,AO@gmail.com,"['cooking', 'technology', 'food']",32,"778 Cook Trail
Carrollville, TX 05440",Microsoft,32
03e3a23a-a77a-41da-9ecd-3f2ff9e5bc90,Ann Becker,AB@gmail.com,['dogs'],33,"443 Chan View Suite 154
Savagetown, DE 32530",Apple,77
98411adf-cfc0-400d-aac8-e215571ef3f2,Ida Cantu,IC@gmail.com,"['healthy eating', 'public speaking', 'food']",29,"67413 Lawrence Valleys
South Victortown, PA 70424",Huawei,91
4607d7b0-3313-49b8-9f73-5b8227fc5b67,Jason Roberts,JR@gmail.com,['cooking'],10,"1827 Margaret Trace
South Geoffreyton, RI 20288",Google,90
1798905d-6c3a-4e5d-a9d1-ce429b1260d7,Billy Alberts,BA@gmail.com,['studying'],32,"11602 Hartman Islands Apt. 473
North Kimberly, WV 56982",Huawei,46
08c64787-e47b-4a7f-b00b-5590eb5fbc3a,Sun Edwards,SE@gmail.com,"['soccer', 'veganism']",27,"Unit 4373 Box 3248
DPO AA 01188",Apple,85
2af7f476-41b6-4147-aac7-0bbcb5043895,Thomas Goehner,TG@gmail.com,"['veganism', 'studying']",9,"PSC 3816, Box 4398
APO AA 82519",Microsoft,60
64b33556-9ecf-4ebc-8b4c-f829ab1a4881,Michael Tuite,MT@gmail.com,"['food', 'animals']",16,"81554 Martin Isle Suite 028
Ballville, WA 57059",Motorola,81
e89d4cb0-3bec-43b8-8060-719983fe68a9,Steven Jones,SJ@gmail.com,['technology'],6,"913 Adam Plains Suite 065
South Charles, PA 69250",Microsoft,41
69532ce2-1ffe-4187-8042-0230d115b24e,Daryl Owens,DO@gmail.com,"['studying', 'healthy eating']",35,"022 Allison Branch
South John, IA 33036",Microsoft,11
427fa55b-7f49-4981-bcd7-59fee8efb512,Perry North,PN@gmail.com,['science'],27,"0719 Ronald Ports
Theresaland, IL 26004",HTC,15
1582dac6-ebec-43ed-a34a-1a202ca72627,Marguerite Mccoy,MM@gmail.com,['animals'],0,"60083 Bishop Garden
Robertstad, CA 11888",Google,88
48e834aa-fd4a-4206-93e8-ac8fdac613bc,Marc Reed,MR@gmail.com,['travel'],3,"359 Deanna Vista Apt. 925
Tommyborough, TN 75663",Samsung,6
48bed4d7-0329-472c-96d9-b23a103eb834,Mark Henderson,MH@gmail.com,"['cooking', 'veganism', 'tennis']",36,"7091 Lara Causeway Suite 453
New Lauren, RI 21033",Microsoft,48
ad4bd878-55e7-487c-a4db-470b23bbd832,Eva Lollar,EL@gmail.com,"['veganism', 'cooking', 'food', 'science']",11,"08487 Heather Villages
Roseberg, WV 43804",Motorola,97
1e571af5-1796-424c-b744-a925897d44a3,Wanda Gross,WG@gmail.com,"['travel', 'food', 'healthy eating']",15,"09740 Jackson Park Apt. 253
Wilsonburgh, CA 24477",Google,86
ae600af5-c1f0-4b1f-adb0-1b4c246373e4,Joseph Mills,JM@gmail.com,"['soccer', 'fitness', 'healthy eating', 'veganism']",36,"313 Mark Manor Apt. 843
Luisborough, PA 96060",Samsung,79
2f112802-2501-45b5-a9d9-470cda6ef23e,Laverne Jones,LJ@gmail.com,"['travel', 'food', 'healthy eating']",10,"40259 Mark Mountains Suite 714
Lake Michaelchester, MI 25605",Google,73
d74e1b39-7b34-4bcb-a24d-e215097187f5,Sandra Hoff,SH@gmail.com,"['science', 'cooking', 'travel']",15,"746 Carrillo Glens
Foxport, OR 27431",HTC,54
7000ac2e-87a0-4e23-b342-5f150e03f9ef,Gerald Travis,GT@gmail.com,"['travel', 'veganism', 'healthy eating']",34,"741 Knight Manors
Taylorfurt, NE 98382",Huawei,20
b76ebf8d-3f04-4e7f-aec8-22575f68d9e2,Michael Deltoro,MD@gmail.com,"['food', 'culture']",30,"246 Joanna Fall
Holmesfort, SD 71673",Motorola,56
80c36ce2-2cef-4a47-a563-d2a60a2b1825,James Bradley,JB@gmail.com,"['culture', 'studying', 'education']",10,"85242 Elizabeth Bridge Apt. 195
Espinozaville, DC 50054",Samsung,16
bfe23c39-f814-4282-b0f7-506cd8295b8a,Lisa Kreiter,LK@gmail.com,['public speaking'],15,"658 Mcguire Forges Apt. 563
East Heatherburgh, WI 31780",Google,77
a6e32004-8866-40e5-aaeb-e159c13fd42a,Ruth Wilkins,RW@gmail.com,"['technology', 'dogs', 'tennis', 'animals']",23,"6436 Michele River Suite 127
Port Kristina, NJ 05832",Microsoft,30
cafa0d07-63be-4b5b-bc7f-c4f4091d403d,Eleanor Reyes,ER@gmail.com,"['science', 'education', 'tennis', 'science']",41,"2074 Martin Island Suite 412
Bryanton, MD 22137",HTC,52
ae4eaf32-9db8-457d-ad58-1c4fad4b7eff,Guy Johnson,GJ@gmail.com,"['food', 'tennis', 'cooking', 'travel']",30,"1656 Megan Vista
Lake Kristin, FL 81830",Samsung,83
b841358a-d8ff-412e-b940-3a95fd31291b,John Arnaud,JA@gmail.com,['soccer'],26,"USCGC Cunningham
FPO AE 04893",Apple,81
1a1be722-70b0-47e0-a737-1700cffa1e6d,Alan Rodriguez,AR@gmail.com,"['fitness', 'food', 'technology', 'studying']",32,"564 Gina Fall
New Erin, NC 41873",Samsung,44
4291e9a9-b4a8-42e1-b032-520b16f93888,Taylor Webster,TW@gmail.com,"['travel', 'dogs', 'travel']",6,"7013 Brett Canyon
Derrickfurt, TN 95557",Samsung,90
05782669-264e-4c14-990e-14c8dbb13bef,Jerrie Criswell,JC@gmail.com,"['veganism', 'education', 'science', 'food']",7,"34020 Joshua Mission Suite 487
South Robertburgh, CT 26156",Huawei,33
15cf4392-8541-422b-8957-a9c0380c11d9,Matthew Henning,MH@gmail.com,"['fitness', 'cooking', 'healthy eating', 'soccer']",39,"83443 Briana Crossing
Haleyland, MT 05041",Huawei,30
75ef996f-dee4-47d9-87e2-9b58ebd76ff0,Sharon Bishop,SBhcjcholecn,"[0, 1, 2, 3]",28,"619 Wheeler Lake
Coreyview, ND 23104",HTC,97
78703a69-8edc-458f-b0fc-85d96501dcdc,Patrick Dahlman,PD@gmail.com,['education'],1,"290 Yates Loaf
Melissaville, AL 10176",Motorola,3
76cb4dbe-7748-49ab-8179-6e3f3b840dd6,Helen Shull,HS@gmail.com,"['technology', 'education', 'soccer']",14,"23420 Brennan Mountains
Maddenfort, VT 01314",Google,12
5d33137a-3306-4d5f-8ab1-48d2446a12b0,Raymond Smith,RS@gmail.com,['veganism'],0,"PSC 9104, Box 9179
APO AP 34539",HTC,41
e43acf25-fcfb-4dbf-bc8c-ccbe16c329e7,Lloyd Golden,LG@gmail.com,"['healthy eating', 'healthy eating', 'soccer']",7,"9881 Evans Mission Suite 442
Garyshire, WA 20202",Huawei,50
e32722f4-69b1-4aff-b13b-8928ea08fd6a,Margaret Spiro,MS@gmail.com,"['dogs', 'education']",41,"7883 Bridges Stravenue
Charlesside, MT 36340",Microsoft,97
bcdf88dc-2a52-4716-bc24-a1b46040c8ce,Edwin Raley,ER@gmail.com,['fitness'],36,"8817 Peters Mountain
Patrickberg, NH 71632",HTC,69
fa3e42f0-71d8-455f-b024-e52d5c27a145,Dayna Walton,DW@gmail.com,"['education', 'healthy eating', 'soccer', 'veganism']",4,"1794 Robertson Loaf Suite 046
New Craigshire, GA 17333",Motorola,35
33c1cee6-ae56-4f8e-84fc-ee0a4b7bbf4c,Jenny Young,JY@gmail.com,['technology'],5,"11861 Payne Light Apt. 577
Melissamouth, AZ 68375",HTC,49
cf34e8ee-f508-47bc-baa1-bcc576e1084d,Nicholas Nickerson,NN@gmail.com,"['fitness', 'technology', 'healthy eating', 'education']",24,"16998 Thomas Curve Suite 874
Karenview, MD 20823",Huawei,10
2a41e628-4cc5-4765-af2e-8b3dec750c0b,Ann Jarvi,AJ@gmail.com,"['healthy eating', 'veganism', 'animals']",30,"659 Kelsey Parkways Suite 400
Port Jonathonshire, IN 82069",Motorola,46
bf970f55-66c1-402d-a5d7-f086421516c9,Gertrude Heaps,GH@gmail.com,"['food', 'public speaking', 'cooking', 'fitness']",28,"2287 Bishop Throughway
South Caitlin, TN 32386",Apple,78
a6133f47-5586-434e-8be1-1e7122db1c0e,Lisa Kemp,LK@gmail.com,"['studying', 'culture', 'travel', 'public speaking']",40,"974 Oliver Mountain
North Richardport, UT 44941",Microsoft,26
11f207c2-0113-47e5-aa9a-df2c7b91ac75,Johnnie Root,JR@gmail.com,"['culture', 'public speaking', 'technology']",2,"8830 Cox View
Brittanystad, MT 70810",Google,17
56b8948a-68bd-425f-b842-eabe6bcfacca,Wanda Perry,WP@gmail.com,['fitness'],44,"9539 Sierra Spur
Schwartzfurt, VA 40451",HTC,47
8b49caad-bcc5-43de-bf40-34a66ff8805c,James Phillips,JP@gmail.com,['food'],25,"8389 Torres Street
South Maria, AL 04577",Microsoft,3
8f3d5674-544d-4f70-b4c1-7b9d93371855,John Rancourt,JR@gmail.com,"['studying', 'fitness']",5,"140 Smith Forges
South Heatherbury, NC 69055",Google,96
d27670c9-f85e-43e0-80a7-122cba908f10,Douglas Jones,DJ@gmail.com,"['dogs', 'dogs', 'cooking', 'soccer']",44,"Unit 8764 Box 5726
DPO AE 56727",Huawei,20
18c56602-937e-4ff3-bc6c-43f0b14212ca,Boyd Prince,BP@gmail.com,['science'],26,"1630 Jimenez Ports Suite 217
West Ashleyfort, CA 00796",Motorola,65
e79a2e98-57b4-4469-8da4-87f338460d42,Gilbert Griffin,GG@gmail.com,"['public speaking', 'science', 'culture', 'culture']",35,"0496 Patterson Throughway Suite 903
Lake Brianstad, PA 93061",Apple,63
a8d09ab9-44c6-493c-afdf-93888822a4b0,Brady Novak,BN@gmail.com,"['public speaking', 'fitness']",33,"42154 Susan Hollow Apt. 881
New Robertton, MI 26982",Apple,13
3956593b-7739-426a-b7a5-e841c95a5df9,Richard Uhlig,RU@gmail.com,"['education', 'dogs']",8,"36285 Matthew Lake
Veronicaton, ND 33947",Apple,57
49f49bcf-17fe-4edd-990d-16c3d1df931b,Melvin Powell,MP@gmail.com,"['public speaking', 'veganism']",39,"42707 Kim Summit Suite 300
Port Tiffanychester, MI 85051",Samsung,45
95f4bf3f-7eb7-429a-9f48-0f7cbdf0beaa,Kenneth Elder,KE@gmail.com,"['culture', 'soccer', 'culture']",38,"61520 Washington Hollow
Lawrencehaven, ND 11805",Motorola,69
568e7c6f-b1e9-4a85-897c-aaaaa0ce8832,Orlando Sapp,OS@gmail.com,"['cooking', 'education', 'food', 'travel']",14,"276 Abigail Club Suite 257
Rogershaven, TX 09776",Motorola,3
4dc7482d-e44b-47cc-bc27-7bf663497997,Rachel Taylor,RT@gmail.com,"['travel', 'veganism', 'food', 'cooking']",26,"399 William Oval
North William, NC 22079",Huawei,91
85eca06e-b8db-4fd9-b083-da47572c40b2,Kenneth Frye,KF@gmail.com,"['food', 'studying']",11,"66770 Cardenas Fields
Jackfurt, DE 71283",Apple,67
d71363d5-6468-44b0-b641-94c4776bce98,Mary Cox,MC@gmail.com,"['tennis', 'science', 'soccer', 'culture']",20,"0535 Tucker Freeway
Danielview, OR 46067",Huawei,91
1ebc46fa-edd3-4dec-bb45-c124daf83512,Robert Mierzejewski,RM@gmail.com,"['soccer', 'culture', 'animals', 'soccer']",28,"2857 Green Row
West Elizabethville, TN 15511",Microsoft,30
91bec0ab-a8d4-421e-b333-e511c7c6f9a0,Shela Phifer,SP@gmail.com,"['dogs', 'public speaking', 'culture', 'veganism']",1,"2589 Lee Mission Apt. 819
Port Jamesborough, ME 21958",Apple,58
9bb5d084-0b28-4352-8591-5b5a4efecdf0,Robert Bijou,RB@gmail.com,"['tennis', 'fitness', 'healthy eating', 'animals']",19,"8534 Haynes Union
South Jason, TX 26599",thbhn,4
dbacabf8-7ebd-4f22-a261-59d8dad306f1,Maxine Wilson,MW@gmail.com,"['tennis', 'culture', 'technology', 'science']",6,"00530 Harvey Trace Suite 135
Youngborough, NM 49274",Huawei,9
7a85fbc6-253f-4552-9f4a-c1a332e14fa5,Hazel Andrade,HA@gmail.com,['studying'],26,"463 James Forest Suite 891
Clarkstad, AK 16076",Google,12
9a5aca53-6263-485a-bf77-e60c4608fd26,Timothy Crum,TC@gmail.com,"['science', 'public speaking', 'animals']",31,"2377 Nicholas Springs Apt. 503
North Sara, MN 74761",Apple,3
0c9ea4da-c609-4b08-ab44-1da0530ba364,Eugene Battaglia,EB@gmail.com,"['soccer', 'public speaking']",28,"9527 Ellen Station
Heatherberg, SC 95732",Google,0
1f81cb56-5258-4f9e-ab2c-4dfb581b44cb,Dennis Salazar,DS@gmail.com,['cooking'],22,"39526 Perry Courts
Lake Christopherside, WA 40989",Samsung,49
311d7214-711f-4f66-bc9a-e835fa54ffb6,Sandra Gutierrez,SG@gmail.com,"['dogs', 'studying']",10,"6624 Russell Shoals
New Michele, WY 56469",Google,45
109782f9-4141-4d5a-826f-9a4ea672f65b,Todd Veasey,TV@gmail.com,"['fitness', 'animals', 'cooking', 'dogs']",9,"5681 Johnson Circle Suite 627
West Lisaville, IA 51824",Microsoft,62
fe1c151b-1a95-43fa-9a4c-f3214adba852,Anthony Doty,AD@gmail.com,['soccer'],39,"4966 Eric Brooks Suite 394
New Malik, MO 03506",HTC,17
c76c3393-88e2-47b0-ac37-dc4f2053f5a5,Gabriel Chauvin,GC@gmail.com,"['culture', 'healthy eating', 'studying', 'soccer']",8,"PSC 0909, Box 1784
APO AA 16657",Google,74
49da0743-cb4d-4c84-b6a2-537bbe7256d1,Susan Homes,SHjcmuixgwni,"['soccer', 'travel']",41,"7536 Thompson Road Suite 148
West Bobby, MN 75941",Samsung,30
acd90ee9-84cd-465e-88e3-f128dd0cc1da,Thomas Shoemaker,TS@gmail.com,['culture'],37,"78377 Michael Street
Lake Andrew, CA 48937",Samsung,94
f02267ef-8974-43f5-9a2f-03d2c8ec22ca,Gary Hines,GH@gmail.com,"['animals', 'cooking', 'food', 'food']",42,"3055 Terry Port Apt. 195
South Ashley, HI 86394",Huawei,75
b0d6f088-ee97-4087-aeb1-4957f24a5f4d,Robert Ung,RU@gmail.com,['veganism'],25,"4482 Ann Throughway Suite 186
New James, CO 10587",Microsoft,18
6978b891-dea2-4217-8bc8-47d5aa25e743,Steven Taylor,ST@gmail.com,"['animals', 'animals', 'food']",33,"65533 Ray Wells
Joshualand, AZ 75615",Samsung,3
c880dbc5-8997-4f38-9055-c254b9133175,Lois Wallen,LW@gmail.com,"['education', 'culture', 'public speaking']",18,"4939 Lozano Forest Apt. 330
South Jessica, CA 74017",Motorola,49
33a8d02a-e255-4ffe-9d90-2df8c2914077,Krystal Pauling,KP@gmail.com,"['dogs', 'public speaking', 'studying', 'food']",37,"2489 Pierce Ville Suite 169
Barrymouth, AR 44534",Samsung,31
c64c5004-6ab5-4faa-9fcd-8039fe57799d,Jeffery Pedrick,JP@gmail.com,"['healthy eating', 'technology', 'science', 'education']",16,"9993 Marks Shoals
South Ronaldstad, NV 15604",Google,38
2c32ac39-926d-4473-801f-5733222ad74f,Jack Rennie,JR@gmail.com,"['science', 'fitness', 'cooking']",10,"1221 Jasmine Terrace
Port Kristineshire, GA 46158",Google,7
06a8036a-6e4c-4b15-a6c8-ca74ac11ea73,Alyson Ellis,AE@gmail.com,['soccer'],6,"88916 Hogan Squares Suite 468
Travischester, CA 07575",Motorola,2
fe37b2b4-ee09-4caf-aff5-fd15f6f083a1,Calvin Wilmoth,CW@gmail.com,['tennis'],1,"033 Kim Isle Suite 977
Stephenfort, ID 13388",Microsoft,62
e0e16358-f850-4085-bc5a-ed8e6a4b2ec1,Margaret Rivera,MR@gmail.com,"['cooking', 'culture']",2,"409 Cheyenne Mountains
Port Sarahmouth, PA 55508",Apple,2
289044c8-e74c-4814-898a-b3b5eba6e46e,Megan Keck,MK@gmail.com,"['veganism', 'tennis', 'cooking']",10,"3625 Rebecca Crescent
West Benjamin, CA 88681",Apple,57
a6668254-c779-424c-8c8b-1762bf45916e,Jerry Ashe,JA@gmail.com,"['food', 'dogs', 'studying']",35,"8363 Mary Route
Michaelport, UT 03644",Huawei,33
cd5fd7db-8715-41b7-8f4a-11a65b638d8e,Jean Alegre,JA@gmail.com,"['science', 'education', 'veganism']",9,"97474 Diaz Prairie Apt. 120
Angelaburgh, ME 70682",Microsoft,46
31d378e7-9e95-4e8a-b564-7fd346027dfe,Kristina Pruett,KP@gmail.com,"['animals', 'fitness']",4,"083 Chan Trace
Port Michaelton, NC 80868",Motorola,76
a58444bc-a23e-40a1-b09d-0f90bd5cd6b3,Maria Salas,MS@gmail.com,"['culture', 'education']",21,"23372 Moore River Suite 639
North Davidfort, AK 29805",Google,13
808f5b0d-17e3-44e1-b58e-7f35ebabaff2,Sommer Battles,SB@gmail.com,"['tennis', 'cooking', 'fitness', 'food']",24,"9255 Barajas Streets
Reyesmouth, NY 75630",Microsoft,60
3663e3e6-3d5c-4ed9-a6af-1e680ec5f34b,Cordelia Reny,CR@gmail.com,"['soccer', 'travel']",14,"00200 Anna Land
North Hollyfurt, IL 03755",Huawei,5
68724f58-bc4d-4ab0-a4e1-60cdd5e95e7d,Harold Holbert,HH@gmail.com,"['public speaking', 'cooking', 'science']",33,"54378 Ariana Union Suite 900
Port Bobbyberg, MI 56741",Microsoft,57
54a8e072-5369-4122-9189-43b55e1a4ba2,Micheal Vargas,MV@gmail.com,"[0, 1]",27,"9099 Katie Burgs Apt. 064
Robertsport, NH 98023",Huawei,33
987b33de-7307-48c1-b34a-6c6806d7af67,Juan Martel,JM@gmail.com,"['soccer', 'science']",39,"57249 Smith Green Suite 212
West Ryanland, MI 72354",Google,78
324e384a-9963-4d17-94aa-21859ea85062,George William,GW@gmail.com,"['studying', 'public speaking']",0,"309 Salinas Stravenue Suite 842
Lake Thomas, MN 12440",HTC,72
85503a94-e733-486e-989e-12ff9b59f2d3,Doyle Miller,DM@gmail.com,['animals'],38,"72389 Adams Turnpike
North Tara, IA 95679",HTC,50
8d3cd87d-8a31-4935-9a4f-b319bfe05f31,Laura Rodriguez,LR@gmail.com,"['education', 'studying']",13,"1950 Michael Mill
Lindashire, KY 08693",Microsoft,10
4ce3f877-96ea-4a37-8107-1176126d9d97,Carmen Wynne,CW@gmail.com,"['soccer', 'dogs', 'public speaking']",40,"977 Bailey Parkways Suite 546
West Davidburgh, MS 03949",Motorola,46
8af596f3-c67c-4f40-a0cc-e258e730a8f5,Kenneth Meyn,KM@gmail.com,"['fitness', 'science', 'animals']",4,"2926 Louis Summit Suite 605
Justinton, NM 68686",Motorola,87
37867a23-d07b-4990-8fa8-d694cf7d3b1b,Kera Delarosa,KD@gmail.com,"['soccer', 'cooking', 'cooking', 'healthy eating']",34,"7465 Sanchez Rapids
Raymondfurt, MN 66351",Apple,77
425b7021-0409-4358-af39-2bff14197d0a,Christa Thomas,CT@gmail.com,['travel'],20,"6967 Gonzalez Roads Suite 288
Lake Rose, DC 62330",Motorola,47
7719b807-bf22-4b36-8f69-44d9a87d239b,Myles Davis,MD@gmail.com,"['dogs', 'fitness']",20,"697 Michael Shore Suite 177
West Rebecca, AR 95374",Microsoft,94
e377a5c2-0378-4684-b7d1-5d80e04243ed,Kim Ruiz,KR@gmail.com,"['studying', 'public speaking', 'animals', 'education']",41,"663 Sharp Fall
East Benjaminview, VA 13189",Microsoft,57
9210e8dd-d2a2-4ea7-8cbd-f37e1e8efea5,Leroy Whitmore,LW@gmail.com,"['science', 'education', 'animals']",2,"74809 Kimberly Circle Apt. 339
Knightbury, IN 44194",Microsoft,38
d51a3403-8bab-4d88-af4f-a429c6d8c168,Alan Rice,AR@gmail.com,"['technology', 'veganism', 'cooking', 'dogs']",3,"62581 Duran Unions Suite 459
Nancyberg, RI 43155",Apple,15
a6f003be-b0fd-4100-b4cc-f568a21b9745,Antonia Pereira,AP@gmail.com,"['public speaking', 'healthy eating', 'healthy eating']",36,"63138 Karen Lane Suite 493
New Karenborough, KY 56742",Microsoft,7
87026ce7-fd0b-4b57-9126-d4bae2c1ee0e,Michelle Phillips,MP@gmail.com,"['travel', 'public speaking', 'animals', 'science']",18,"619 Rachael Station Suite 901
Seanhaven, NJ 34840",Huawei,88
1ee25417-3648-4220-9b8f-fc82d1ef450c,Anne Carlson,AC@gmail.com,['travel'],32,"Unit 8694 Box 8359
DPO AP 98988",Motorola,31
23483ddd-e43e-4c5f-a1b7-5392410aa8d1,Kristen Morin,KM@gmail.com,['studying'],26,"9462 Darlene Meadows Apt. 135
New Erik, OH 21431",HTC,35
c07fd88f-9e7b-47eb-8477-8fcbffb7c5c8,Mary Stassi,MS@gmail.com,"['healthy eating', 'veganism']",11,"75924 Fowler Summit
Portermouth, NE 46119",HTC,97
e57c1d53-11ce-4df6-bb4b-85647776fd6d,John Bayly,JB@gmail.com,"['travel', 'studying']",25,"80826 Fox Fall
East Michael, KS 93499",HTC,79
624db443-c716-4227-ac84-a6f7c3a59162,Victor Chapmon,VC@gmail.com,"['education', 'culture']",17,"7894 Christopher Junction Suite 831
North Shawnburgh, TX 17046",Microsoft,21
4baf648a-0ad5-412d-8250-5a0ff9289fbf,Winnie Bonita,WBwvtnefwtig,"['travel', 'healthy eating']",41,"24946 Hall Camp Apt. 591
Moonview, DE 38595",Motorola,12
ab9a4d70-3ae4-48d6-b161-c18bd687c3b4,Terry Huang,TH@gmail.com,"['fitness', 'fitness', 'veganism']",25,"3475 Monique Station
East Jacobborough, VA 02578",Microsoft,32
caa8605b-5cd3-49d0-a680-2a6e9f3bf0a5,Katherine Robinson,KR@gmail.com,['veganism'],38,"233 Amber Alley Apt. 572
Gonzalezfort, MO 83466",Huawei,98
ed5e1675-94a8-482c-8b43-1b9bb71d0495,Brett Sandidge,BS@gmail.com,"['veganism', 'public speaking', 'technology', 'studying']",43,"61958 Courtney Branch
Sarastad, VT 69469",Google,59
e206e31b-5f85-4964-b6ea-d7ee5324def1,Jennifer Bjorkman,JB@gmail.com,['animals'],31,"18111 Jones Spurs Suite 756
New Lauren, PA 29244",Apple,10
392bf6a1-dd73-48a5-9fd9-431749f2a8ef,Mary Hamby,MH@gmail.com,"['public speaking', 'studying']",41,"668 Patricia Isle
Martinview, WI 93790",Motorola,0
163daa38-8b77-48c9-9af6-37a6c1447ac2,Helen Tuttle,HT@gmail.com,"['studying', 'tennis', 'veganism', 'technology']",5,"533 Joseph Isle Suite 449
Wardland, TX 97192",Motorola,26
583f2bde-886d-4cf3-a5c4-7cb60cd25df3,Alan Moskowitz,AM@gmail.com,['food'],1,"890 Mikayla Ferry
Maryport, KY 28636",Microsoft,14
d81dc9d9-a614-40f1-9dd4-7a4a05bac243,Oscar Murphy,OM@gmail.com,"['food', 'tennis', 'tennis']",36,"60738 Matthew Square
Lake Christine, HI 24434",Motorola,0
fe0e2711-bad0-4a0a-90fa-b2d9e8c773a8,Melvin Wright,MW@gmail.com,"['studying', 'food', 'travel']",32,"369 Chelsea Plain
Rebeccaport, MD 94455",Motorola,6
334e2fe8-6f2c-424c-8ed5-12c99f048722,Roberto Mcnair,RM@gmail.com,"['food', 'public speaking']",34,"41639 Roach Union Suite 767
Amandahaven, MI 76329",Google,19
b726d35b-6345-4ed9-8431-fc75e38ba179,Frances Powell,FP@gmail.com,"['soccer', 'soccer', 'soccer']",28,"06912 Townsend Plaza Suite 265
South Andrew, DC 06057",HTC,87
ce9b41f4-625e-4868-83d1-6b53767a8af5,Dewey Sibley,DS@gmail.com,"['cooking', 'dogs', 'public speaking', 'culture']",19,"0605 Angela Lake Suite 496
East Matthewville, AL 68736",Google,68
1e6db00c-22dd-4ae9-80e3-95f7a88b18b8,Paul Wiese,PW@gmail.com,"['animals', 'technology', 'technology', 'soccer']",10,"226 Kristine Glen
Gibbsshire, SD 36642",Motorola,71
98511140-45c4-4faa-9962-fea5ad618ea3,Michael Villegas,MV@gmail.com,"['culture', 'soccer', 'fitness']",36,"8817 Paul Vista Apt. 501
Coreybury, LA 38711",Huawei,9
922d93a7-d56a-4e74-b1bf-1e7bab42dcc4,Alma Lema,AL@gmail.com,"['education', 'travel', 'animals', 'education']",43,"PSC 0757, Box 2246
APO AP 59935",Motorola,53
330ded4b-db65-485a-80a4-6b3bffd33067,Zoe Smith,ZS@gmail.com,"['dogs', 'veganism', 'soccer', 'travel']",42,"4968 Julia Underpass Apt. 278
Candiceside, DC 70470",Google,32
f41d30f1-50c3-419c-a2d8-9043c7e568ca,George Hope,GH@gmail.com,"['cooking', 'fitness', 'technology']",41,"4304 Thompson Unions Apt. 404
Port Benjaminhaven, OH 80501",Samsung,81
79acce4b-b991-4a68-b762-d496686a4f32,Justin Tam,JT@gmail.com,['healthy eating'],41,"509 Haynes Road Suite 508
Farleyshire, OK 21475",Google,34
3e65775b-36e4-495d-9c45-28127fb3da5f,Richard Seago,RS@gmail.com,"['soccer', 'travel', 'technology']",38,"873 Jill Lane
Romeroville, GA 20232",Huawei,93
d16ed6bf-d35e-463b-92b0-393ee67e220c,James Bakerville,JB@gmail.com,"['food', 'healthy eating', 'studying', 'public speaking']",7,"573 Laura Fords
New Joshuastad, AL 08063",Samsung,30
9be473d9-cfdf-4954-bae2-09b0555a8ebb,Elisabeth Stewart,ES@gmail.com,"['cooking', 'tennis']",42,"1480 Wong Bridge Suite 863
West Hunterburgh, MS 92171",HTC,0
13f0db8a-152a-496f-a6e8-1ed6a90b8788,Erin Carroll,EC@gmail.com,"['public speaking', 'food', 'cooking']",42,"Unit 8199 Box 1582
DPO AP 88280",Microsoft,27
ef56931b-540b-4166-9090-73ae48ac8d97,Lydia Page,LP@gmail.com,"['healthy eating', 'public speaking', 'science', 'education']",27,"274 Deleon Estates
Lake Jennifer, TX 07214",Huawei,59
4bcb2c2e-36ed-4d5d-90a1-440993e9f6d2,John Emery,JE@gmail.com,"['animals', 'veganism']",1,"6209 Ashley Ridge Apt. 844
West Guy, SD 42327",Apple,52
a92660de-2154-4694-a86e-88cb81c8ea95,Sarah Alexander,SA@gmail.com,"['public speaking', 'animals', 'tennis']",29,"3558 Kurt Underpass Suite 261
Lake Brenda, TN 07706",ouafw,98
c1e01541-7508-4712-a22c-0370f232a41e,Jason Meehleder,JM@gmail.com,"['culture', 'fitness', 'cooking', 'science']",3,"119 Powell Trace
North Williambury, MD 32073",Apple,20
b1ceae0c-016d-421f-a6f0-488a7857f9f6,Amalia Young,AY@gmail.com,"['culture', 'education']",9,"63792 Roberts Meadows Suite 054
East Carlstad, ID 36208",HTC,17
24789387-968b-425a-8836-14e243cda16c,Margaret Williams,MW@gmail.com,"['animals', 'food', 'healthy eating']",14,"6021 Christopher Crest Apt. 837
Cartershire, DE 15440",HTC,60
5c433d28-dfb7-4456-a468-dc3705147ce0,Kory Jacobs,KJ@gmail.com,"['culture', 'culture', 'culture', 'animals']",5,"7034 Griffin Trail
West Rebeccaport, ND 25874",Motorola,88
ed3494e3-695b-4068-a725-09c6cdf92d63,Mozelle Alligood,MA@gmail.com,"['public speaking', 'healthy eating', 'technology', 'public speaking']",43,"230 House Road Apt. 693
Parsonsfort, AK 22074",Motorola,60
afab7336-04d3-45fe-8917-0327c56e7435,Angela Ivie,AI@gmail.com,"['travel', 'cooking']",11,"668 Collins Drive
Aprilfort, ND 24342",Motorola,16
89d6bd9d-ce6b-42e5-bb9b-ece3b338396d,Henry Landis,HL@gmail.com,"['veganism', 'education', 'soccer']",15,"458 Fox Road
Marcville, AR 57856",Samsung,90
948f7e9d-49bb-4770-bc9d-cb3fb65cca15,Ila Buck,IB@gmail.com,"['soccer', 'studying', 'soccer']",11,"2627 Stacy Trail Suite 425
Anthonyhaven, NJ 89064",Samsung,82
15e325b1-c221-4bf8-8010-18d76b03646e,Brittany Miller,BM@gmail.com,"['tennis', 'studying']",10,"654 Joseph Brooks Apt. 069
West Richardmouth, AZ 86381",HTC,23
3954373b-2411-4d3a-98ba-03bafc1a1a6d,Raymond Clowney,RC@gmail.com,"['technology', 'public speaking', 'cooking']",13,"50010 Powers Islands Apt. 535
Smithfurt, IL 16504",HTC,65
b3e73328-3638-4913-b7ae-3a6a64c1cd62,Albert Rutherford,AR@gmail.com,"['education', 'culture', 'healthy eating']",25,"17542 Brown Spring
Jacobtown, WA 58150",Huawei,36
47def058-01cc-478f-9830-eaddcccac633,Peter Moree,PM@gmail.com,"['fitness', 'veganism', 'dogs', 'fitness']",22,"7445 Michael Prairie
Jasonton, WY 09042",Motorola,68
6fb7ead6-71f3-4f57-94bd-18111fbc5e1a,Maria Kim,MK@gmail.com,"['education', 'science', 'science', 'education']",41,"3104 Wilkins Fields
Lake Anthonystad, SC 28577",HTC,92
30be2156-59d1-451e-beea-1a3690200a2b,David Gafford,DG@gmail.com,"['healthy eating', 'fitness', 'tennis']",15,"18209 Williams Freeway
South Terri, MA 51015",Samsung,74
b83ae39f-2b80-4925-b5ff-34ddefd7f07c,Vivian Toney,VTrgqcnsrvpx,"[0, 1, 2]",31,"72478 Blackwell Springs Apt. 850
West Lindsayville, IN 42605",Apple,56
0f21b6d6-7be6-484c-9698-d851ad7d43c5,Vito Hodges,VH@gmail.com,"['healthy eating', 'technology', 'healthy eating']",3,"679 Sabrina Causeway Suite 012
South Kelly, TX 40487",Huawei,46
b6fd2140-f8b9-498a-a07f-0dc9986736c6,Hazel Eisenhauer,HE@gmail.com,"['soccer', 'fitness', 'public speaking', 'education']",40,"76915 Ayers Wells Suite 136
Thomasville, TX 41747",Google,32
73a9e869-62a6-4508-b146-20dc9de19276,Michael Bowman,MB@gmail.com,['public speaking'],7,"2856 Miller Path
Vickifurt, ID 57842",Microsoft,19
8d67b1c4-cd76-4701-a908-738e7a2411e7,Katie Cooper,KC@gmail.com,"['public speaking', 'science', 'food', 'veganism']",18,"338 Ramirez Knoll Apt. 999
North Eric, NM 56762",Motorola,81
13c06e7e-833d-47eb-a790-5e09ccfd8d2c,Rebecca Swanner,RS@gmail.com,"['tennis', 'animals']",28,"663 Golden Loaf
Heidistad, CO 16965",Microsoft,3
7e263bf1-e036-4cc8-9cb8-9beec89027a3,Suzanne Luce,SL@gmail.com,"['food', 'tennis', 'animals']",38,"144 Alexander Inlet
Kimberlyburgh, NV 40450",Huawei,9
122c3e03-0a96-4d62-9d17-27f8e2b6ba58,Rudolph Villena,RV@gmail.com,['public speaking'],39,"89512 Todd Course Suite 452
Katherinemouth, WA 95143",Huawei,4
6053d7e5-47da-4156-8b7c-dacf23a0e660,Matthew Brown,MB@gmail.com,"['soccer', 'food', 'healthy eating', 'travel']",31,"22154 Sampson Meadow Suite 214
West Michael, CA 54623",Samsung,22
1add9169-fda0-4da2-82a0-4de3bf7ed8ca,Cynthia Cannon,CC@gmail.com,['public speaking'],4,"306 Katherine Harbor Suite 849
Schneidermouth, IA 90041",Motorola,18
9a84c667-c913-47ce-be69-0f847dbfe0db,Daniel Gray,DG@gmail.com,['soccer'],37,"9439 Jeffrey Alley Suite 593
Lake Kristen, AZ 73247",Google,68
80e03bc0-fc8f-475b-a4dd-870844b7a313,Juanita Williams,JW@gmail.com,"['science', 'education']",20,"48921 Elizabeth Locks Apt. 871
Lindaborough, MS 40378",Motorola,29
192a526b-4952-4bda-b659-4661dab12716,Eloise Curry,EC@gmail.com,"['healthy eating', 'healthy eating']",34,"24127 Weaver Pines Apt. 640
New Moniqueville, CA 58927",Apple,26
1545ddaf-2b75-4143-82fe-b88966aee4fb,Donald Smart,DS@gmail.com,"['culture', 'veganism']",17,"09458 Brittany Mall
Levinemouth, MD 50169",Huawei,13
63e1cb43-d3dc-491a-af16-209c1c152c44,Deborah Thomas,DT@gmail.com,"['dogs', 'technology']",19,"9665 Bean Forge Suite 635
Franciscoside, ND 41116",Apple,39
1bcc3c26-e82e-40f4-9d16-3311c8c1ddf6,Charles Mondesir,CM@gmail.com,"['travel', 'studying']",10,"USNS Bird
FPO AE 07625",Motorola,26
286516cf-d236-40de-8d28-7d0bd173125d,Carolyn Gonzalez,CG@gmail.com,"['animals', 'education', 'tennis']",39,"331 Pratt Extensions Apt. 996
Jasonton, OH 00695",HTC,57
b827588c-31b2-47f3-916a-a1dbf7987f50,Vincent Bland,VB@gmail.com,"['soccer', 'food', 'soccer']",30,"1657 Samantha Corners
West Cynthia, KS 54469",Microsoft,37
9fb4ce88-fac1-406c-8544-1a899cee7aaf,Jess Avila,JA@gmail.com,"['culture', 'food', 'culture']",0,"703 Brandy Road
Fisherborough, ND 30873",Google,19
b09e3125-2162-443b-bea0-25895b7605bc,Deborah Hamm,DH@gmail.com,['technology'],42,"5130 Christine Parks
West Jaredstad, NE 51136",Samsung,49
3efc3621-873a-4b80-a0cb-27e531d600be,Benjamin Leon,BL@gmail.com,"['technology', 'studying', 'veganism', 'soccer']",4,"610 Austin Avenue
Pricefurt, WV 16492",Microsoft,5
3455a646-398f-4b16-b19a-1371cdb2e048,Angela Dunn,AD@gmail.com,['veganism'],39,"7407 Rogers Junctions Suite 414
Port Jennifer, SC 81017",Apple,82
80fc5e28-17ac-4e79-b9df-0d500abbe8b5,Ernestine Tart,ET@gmail.com,"['healthy eating', 'cooking', 'culture']",43,"949 Denise Pass Suite 513
North Michael, NV 43667",Google,88
bc142f57-1307-46c6-9975-8c3a1e5f540c,Benjamin Peltier,BP@gmail.com,"['education', 'tennis']",19,"25502 Amy Square Apt. 092
Thompsonville, NM 47897",HTC,27
c834ba1d-8a10-4984-aaf2-7c2eab207076,Michael Beasley,MB@gmail.com,"['veganism', 'dogs', 'dogs', 'food']",24,"8563 Hill Glens
West Melissa, MS 92364",Huawei,43
242a3620-fc18-4120-ac72-37b0f3716879,Jim Whitehead,JW@gmail.com,"['public speaking', 'healthy eating']",33,"37434 Farmer Motorway Apt. 569
North Davidborough, SD 23685",Microsoft,62
740a4abd-187d-4783-990b-161c52fb5f86,Cherie Scheuer,CS@gmail.com,"['fitness', 'animals']",35,"40960 Shaffer Extensions Suite 928
Perezberg, MD 28093",Samsung,4
084eb113-0d87-4ae5-891b-2ec7f1e194a8,Crystal Nilson,CN@gmail.com,"['education', 'dogs', 'education', 'soccer']",4,"15499 Miguel Ridges Suite 922
Hoffmanfort, IL 54149",Microsoft,58
a4a3247c-5e68-49d0-a768-a8d7db1c8ef4,Michelle Ebert,ME@gmail.com,"['travel', 'tennis', 'tennis', 'culture']",24,"96645 Terri Pass Suite 555
South Joshua, CT 73965",Samsung,62
de39bbda-66a8-4c52-835a-7a104cf7f081,William Lewis,WL@gmail.com,"['public speaking', 'travel', 'education']",34,"71357 Jonathan Via
Garymouth, MN 09490",Motorola,98
19fa2bc2-96ab-45b6-99de-1995c2bee330,Rita Jones,RJ@gmail.com,"['veganism', 'science']",8,"56503 Christopher Road Apt. 657
North Jamesfort, GA 32215",Microsoft,49
4eed2f45-f040-4995-a60f-472af1ff379a,Larry Richards,LR@gmail.com,['soccer'],9,"57211 Powell Ridges Suite 385
Ronaldmouth, OK 64964",Apple,56
4ef2c812-b152-4a72-a443-f4ff787d7b0d,Jimmy Anderson,JA@gmail.com,"['public speaking', 'culture', 'technology']",6,"541 Rose Roads
Bradshawfurt, WI 34666",Huawei,81
7adafb3c-7c7c-492b-be5b-5ddd9ff1316a,April Bitner,AB@gmail.com,"['public speaking', 'studying', 'public speaking']",16,"9413 Lawrence Terrace Apt. 564
Michaelview, KS 70932",Samsung,70
d9aab962-e964-4afd-83ee-abda0865da67,Belle Walks,BW@gmail.com,"['tennis', 'food', 'technology', 'studying']",2,"874 Reed Groves
New Johnathanmouth, CO 59652",Samsung,44
7d8464e7-44df-46bd-b338-d599eb730ea2,Shawn Cooley,SC@gmail.com,['public speaking'],19,"04322 Griffin Neck Suite 163
Woodland, WI 30182",Apple,59
c3988ef2-7e28-4db7-8981-c69f61a3bfce,Rosario Johnson,RJ@gmail.com,"['fitness', 'cooking', 'science']",16,"89033 Christopher Run Suite 734
North Thomas, MO 31295",Samsung,82
f50ac030-3af8-4e07-aacf-dccff353b8f6,Andrea Fay,AF@gmail.com,['education'],23,"4006 Joyce Field
South Blake, WV 44974",Huawei,58
76a034b7-e163-4735-a15b-b0ff645ca627,Robert Carrillo,RC@gmail.com,"['fitness', 'education', 'culture', 'soccer']",31,"188 Jerome Island Suite 567
Hansenton, WV 20127",Apple,34
d1a89d23-7d17-4949-9e1a-637317141f3d,Noah Guilliam,NG@gmail.com,"['studying', 'public speaking']",14,"304 Sandra Streets
Kimburgh, AR 30942",Apple,98
5a1ab9a3-1983-4021-9557-d3700a276746,Laura Walker,LWsvedxnkdfr,"['science', 'food', 'culture', 'healthy eating']",3,"4030 Parker Alley Suite 043
Port Scott, CA 77383",Apple,72
18421d97-6f86-4d21-a7b1-dcc57dd8be76,Harlan Ford,HF@gmail.com,"['dogs', 'education', 'culture', 'veganism']",15,"PSC 7263, Box 9049
APO AA 08308",Huawei,53
c5d04879-87bd-4950-9e63-334382ef53af,Willie Poole,WP@gmail.com,"['studying', 'public speaking']",3,"USCGC Simpson
FPO AP 24488",Motorola,46
ded166ee-173b-4a56-bc6d-464c35709670,Susan Hopp,SH@gmail.com,"['animals', 'healthy eating', 'culture', 'culture']",4,"Unit 2127 Box 7084
DPO AP 47768",Motorola,91
72d2587e-8fae-4626-a73d-352e6465ba0f,Charles Tanimoto,CT@gmail.com,"['soccer', 'culture']",21,"384 Steven Station
South Duane, MI 85677",Google,75
ef629f00-391d-4a79-af74-77a9afdbbd41,Maria Steele,MS@gmail.com,"['food', 'public speaking', 'public speaking', 'animals']",42,"49172 Rachel Turnpike
Dillonfurt, VA 63446",Microsoft,72
9a5c1dcc-d26b-4303-b487-3075e7d34e02,Robert King,RK@gmail.com,"['public speaking', 'education', 'veganism', 'animals']",39,"00777 Melissa Crossroad Apt. 719
Sanchezside, VT 68213",HTC,16
05d7e77f-a18a-4358-a23a-46c560b3682e,Jason Evanoff,JE@gmail.com,"['veganism', 'veganism', 'veganism']",8,"540 Shah Hollow
East Chadport, TN 55493",Microsoft,91
acbac577-54c9-4476-af3c-a3241a3f4a19,Diane Martinez,DM@gmail.com,['food'],13,"939 Lucas Junctions
Millsberg, SC 79696",HTC,96
45064aca-5e28-4b1f-be64-202fc5e0daba,Celia Tucker,CT@gmail.com,"['public speaking', 'dogs', 'cooking']",35,"04308 Jacobs Valleys
East Erik, CO 04987",Google,57
31cfc138-cec0-4176-bd6d-79c4cadbb1d4,Timothy Call,TC@gmail.com,"['public speaking', 'travel', 'animals']",27,"26351 Johnson Knoll
Port Douglas, PA 11673",Microsoft,35
3d5f257e-556b-4e19-b127-977bc5c4daed,Susan Weinhold,SW@gmail.com,"['studying', 'technology', 'soccer']",25,"593 Stephens Spring
Lorihaven, AL 04182",Samsung,19
f9775602-43ab-4d54-ad93-7c9a489879bc,Madeline Schleich,MS@gmail.com,"['animals', 'public speaking', 'veganism']",40,"5566 William Locks Apt. 237
Lake Monica, WV 22909",Motorola,59
af647535-dae8-4ca3-9203-bf4bfc607ffe,Michael Newell,MN@gmail.com,"['tennis', 'technology', 'healthy eating', 'education']",16,"19797 Chen Ferry
Port Erikaland, WI 98982",Microsoft,70
9e9cf8e7-6731-47da-bc0f-3a487e835586,William Taylor,WT@gmail.com,"['tennis', 'science', 'technology']",43,"9842 Elizabeth Curve
Richton, ND 81103",Apple,80
6f2e20b4-5d7f-4345-b5a1-71a768ab8050,Rhonda Morrow,RM@gmail.com,['science'],7,"Unit 7779 Box 7818
DPO AE 22183",Microsoft,39
fe224147-e893-4178-b46e-b12f22bd7ed1,Robert Watkins,RW@gmail.com,"['tennis', 'travel', 'technology', 'tennis']",12,"8637 Anderson Crest Apt. 989
New Kevin, FL 22986",HTC,2
683d880b-3ccf-4f4d-8182-96e7a7a884bd,Sheila Liberty,SL@gmail.com,"['culture', 'tennis', 'veganism', 'fitness']",27,"3509 Lee Rue Apt. 774
Sanchezview, RI 60023",Motorola,47
a90c3ed2-7c64-47c3-9da5-b10d05f6f9f2,Paula Gookin,PG@gmail.com,['food'],28,"Unit 9861 Box 7865
DPO AE 78157",Motorola,90
5d454588-283d-459d-915d-c48a2cb4c27f,Richard Smith,RS@gmail.com,['travel'],6,"00358 Heather Gardens
Lake Heidiview, OH 42464",Motorola,88
b870b764-7447-4990-a8d4-024d33e0e67d,Manuel Powell,MP@gmail.com,"[0, 1, 2, 3]",42,"61438 Ashley Rapid
Lake Davidburgh, WI 64695",dcppv,75
374634b7-aead-4f2f-9303-c15f456c4094,Gerald Cager,GC@gmail.com,"['cooking', 'tennis', 'cooking']",2,"PSC 1888, Box 5510
APO AA 90778",HTC,24
91fa7240-3d29-4dd0-baf1-ace7742a6e3f,Bessie Mcintyre,BM@gmail.com,['education'],30,"48590 Cooper Stream Suite 889
South Sean, NC 71373",Samsung,90
375985a6-ae79-43d2-b7c6-b182d83f1eaf,Jackie Jones,JJ@gmail.com,"['veganism', 'fitness', 'travel']",31,"7339 Harris Corner
Vincentfurt, LA 30436",Google,27
248a8f9f-10ac-4786-adfb-d0c3dd4e4b97,Addie Ippolito,AI@gmail.com,['dogs'],19,"20012 Anderson Terrace Suite 936
North Mark, DC 15374",Huawei,85
600118fa-e6f4-4d74-aeb6-936abbbf38a1,Darrell Becker,DB@gmail.com,"['cooking', 'tennis', 'soccer', 'healthy eating']",17,"3536 Christopher Hollow Suite 100
Allenport, PA 83406",Apple,73
91dbe082-62c3-4bfd-9721-7c94be3a3d32,Kathy Mckeel,KM@gmail.com,['fitness'],40,"2840 Brandon Groves
Port Mary, CT 72674",Google,98
17bc2431-754a-46e8-81e2-32820d3fc612,Brain Duckworth,BD@gmail.com,"['animals', 'culture', 'healthy eating', 'soccer']",23,"961 Hughes Station
East Devon, DE 41780",Microsoft,88
3ae50cc3-39cc-440a-8e31-3215011f2762,Crystal Dukes,CD@gmail.com,['technology'],27,"796 Burgess Vista Suite 995
Lake Rachel, MT 18164",Huawei,23
168e6d97-0b9c-45d0-ba57-cabc8c60d428,Maria Simpson,MS@gmail.com,"['science', 'science']",40,"81437 Rojas Trafficway
Anthonyview, OR 94177",Samsung,5
eb74e88c-1bf5-402f-987e-90a5977ae1e3,Julio Tiano,JT@gmail.com,['public speaking'],23,"0384 Perkins Squares Apt. 339
South Madison, KY 67565",Huawei,46
f7d73e35-248c-4369-9e4d-1f38bea06a5f,Dawn Marr,DM@gmail.com,['travel'],36,"83683 Clinton Brooks
Phillipschester, ME 56093",Apple,83
fc17ca61-7c66-4ceb-8504-32f58b438b45,Cory Porter,CP@gmail.com,"['dogs', 'dogs', 'public speaking']",41,"979 Dennis Gateway Suite 250
West Jenniferview, NM 80685",Motorola,94
5897490a-0aaa-49c9-b63e-0da83088e3e0,Tyler Roosa,TR@gmail.com,"['food', 'soccer']",13,"USNS Schneider
FPO AE 13152",Microsoft,2
e09aa625-3db7-49bd-be09-9aaa0c86a8bf,Matthew Perkins,MP@gmail.com,"['dogs', 'science', 'animals', 'cooking']",30,"81352 Blair Walks
New Daniel, TX 08232",Google,8
a1290f9f-af93-432d-be86-65840470c621,Jamie Shook,JS@gmail.com,"['fitness', 'animals']",32,"367 Jonathan Throughway Apt. 825
Williammouth, MI 89519",Samsung,22
b7b551bd-8cdd-44f3-aef8-29bf82b51535,Myrtis Isaacs,MI@gmail.com,"['technology', 'public speaking']",0,"45143 Cabrera Underpass
Port Melissaborough, NM 50824",Motorola,81
90898216-e580-46c0-8e79-f2df84a9676d,Elva Norris,EN@gmail.com,"['fitness', 'dogs', 'dogs', 'veganism']",43,"225 Fisher Extensions
Port Lisashire, WI 44007",Microsoft,82
a81df767-7da1-4844-b63c-fee4c9c7895d,Lee Francis,LF@gmail.com,"['veganism', 'tennis']",16,"6688 Michael Route
West Josephfurt, VA 25603",Samsung,74
8dda1a41-9e57-4944-bd36-18c0ac343b13,Dinah Kelly,DK@gmail.com,"['education', 'veganism', 'animals']",2,"Unit 4550 Box 8148
DPO AP 47371",Huawei,4
cfe50481-7c50-48fa-97fa-89b6f137e1bd,Ruth Palmer,RPbrxoephmar,['dogs'],11,"854 Andrew Tunnel Apt. 147
North Steven, HI 03808",HTC,54
40f15350-9ac3-4b6c-83c3-51cc7945dd01,Steven Galeana,SG@gmail.com,"['food', 'studying', 'tennis', 'public speaking']",12,"4138 Schmitt Plain
Christineville, MN 73537",HTC,24
20d507a0-fdba-4c04-a30c-bd18273accdc,Ellen Gustafson,EG@gmail.com,['technology'],2,"1464 William Ranch Suite 413
Johnnytown, WI 73058",Samsung,93
64b82ed5-80dc-4fbb-9dfc-d7e037684f0e,Daniel Ibara,DI@gmail.com,['science'],32,"993 Jacob Island
New Susanside, MD 70021",Apple,27
f4ed8f9c-5eac-4d77-a206-c60afda2921a,Shirley Peredo,SP@gmail.com,"['tennis', 'tennis']",38,"526 Kimberly Center Suite 341
New Lisa, CO 12768",HTC,60
4172c4ea-8fd9-4e50-bd2c-7020eab84f34,Michael Fernandez,MF@gmail.com,"['animals', 'food', 'technology', 'animals']",19,"411 Santana Center Apt. 401
Port Rodney, LA 14985",Apple,49
dd118345-3ba6-4800-9686-d5479fee403d,Christopher Mitchell,CM@gmail.com,"['public speaking', 'fitness']",19,"Unit 8902 Box 9429
DPO AP 73681",HTC,22
e74edcea-5db4-4412-a4ce-eb7c5adc314a,Jeanie Kirn,JK@gmail.com,"['food', 'healthy eating', 'soccer', 'technology']",26,"644 Emily Burgs
South Paulstad, TX 93774",Motorola,40
fa16aabb-fac3-4310-b19c-ce7021eb825b,Helen Wynn,HW@gmail.com,"['animals', 'travel', 'education', 'science']",33,"10902 Roberts Forge Apt. 632
Christopherville, SC 10981",Apple,58
72f7f84c-5bcc-4380-81cd-3378ce0a1b32,Harold Miller,HM@gmail.com,"['soccer', 'cooking']",5,"3206 Dustin Tunnel
New Dwaynefort, WI 29753",Samsung,48
8d3661fd-d953-4c1b-857d-82b3e34f569e,Peter Oliver,PO@gmail.com,"['science', 'science', 'science']",25,"797 Smith Oval Suite 284
Port David, VT 62603",Apple,88
b4a6b3ac-b6af-4525-8d59-7afc00ff279d,Benny Addison,BA@gmail.com,"['science', 'dogs', 'travel']",30,"086 Cole Inlet
East Todd, MS 21066",Apple,55
3205ad12-726a-4b65-a15a-1a899a9d310b,Deborah Jackson,DJ@gmail.com,"['science', 'dogs', 'public speaking']",13,"PSC 4430, Box 8569
APO AP 15240",HTC,21
0873e9a7-234a-4096-a92a-8dc7a03eb0c5,Robert Marco,RM@gmail.com,"['cooking', 'culture']",32,"686 Jones Landing
Bryanmouth, NH 32851",Apple,54
7be6e8bc-39b0-4035-ac93-1df8fd7e1928,Barbara Porter,BP@gmail.com,"['studying', 'cooking', 'tennis']",2,"84045 James Shores
Lake Robert, NE 39700",Huawei,85
789b11b4-96ff-4abd-8da2-3da8b12d1e6e,Drew Robbins,DR@gmail.com,"['veganism', 'healthy eating', 'science']",13,"Unit 0892 Box 7484
DPO AE 41789",Motorola,70
cad2d54d-9555-4dfe-bfcd-7a584895a002,Minnie Summerlin,MS@gmail.com,['education'],19,"7586 Ashley Island Apt. 739
East Timothyburgh, ND 03126",HTC,40
3b751c3f-bab7-4b2b-a95f-10d57c02aa6a,Dena Brandon,DB@gmail.com,"['education', 'technology', 'fitness', 'cooking']",13,"545 Decker Stream
South Antonioville, AK 42672",Huawei,33
bbe8f83c-af9c-4dab-b5fa-7925822e450d,Dona Rivera,DR@gmail.com,"['animals', 'healthy eating', 'travel']",37,"4820 Jeffrey Wall
Port Stacy, MA 06050",Samsung,47
a710ab29-b72a-42c8-a79b-42e63d4a8bfd,Sally Phillips,SP@gmail.com,"['education', 'travel', 'tennis']",26,"579 Crawford Landing
South Wandafort, UT 97692",Google,18
ac4e6ee0-d1bd-4e6b-9355-7567b3e3ec5e,Charles Browder,CB@gmail.com,"['cooking', 'soccer']",2,"43714 Shane Row Suite 973
Kanebury, RI 31041",Google,24
5ad56e97-58f6-4e66-9b8f-5c16358a9a97,Darlene Kovacs,DK@gmail.com,"['dogs', 'travel']",11,"783 Rios Stream
Bryantville, DE 43460",Motorola,45
d5b6f279-ab5f-4391-b92a-c8acc8ceceb6,Norma Bethel,NB@gmail.com,['dogs'],30,"5790 Brown Cove
Marcuston, HI 91639",Apple,14
f717de6d-2b64-4ef9-855d-ff1c9460c3fe,Vivian Floyd,VF@gmail.com,['science'],30,"07272 Mark Shores
North Kelli, NE 27814",Microsoft,25
225f147b-0951-40a8-96fb-2ceba9f3153a,Russell Morris,RM@gmail.com,"['studying', 'healthy eating']",18,"6819 Jeffrey Green Suite 499
Robertport, IN 32685",HTC,34
92423e9a-4e8c-49bc-be75-c819912696ce,Elida Jordon,EJ@gmail.com,['technology'],20,"182 Robert Common Apt. 673
Delgadoborough, CT 74711",Microsoft,0
3a80467c-0f1f-49ca-b904-1938ea2177a9,Evelina Pena,EP@gmail.com,['veganism'],26,"83885 Ferguson Overpass
New Ericville, CT 88461",Samsung,27
80c9ce48-46f9-4f5e-b3ca-3b698fc2e949,Joyce Batts,JB@gmail.com,"['veganism', 'veganism', 'culture']",42,"318 Sandra Circle Suite 396
Stevensport, SD 72190",Google,39
bf721d00-4fa1-44b1-834f-4730cd51aefa,Tara Johnson,TJ@gmail.com,"['fitness', 'public speaking', 'culture', 'science']",38,"06429 Jonathan Junction
Brianmouth, GA 93687",Samsung,37
f0ef81ec-85b1-4475-ae60-aa7d373088aa,John Campbell,JC@gmail.com,"['tennis', 'soccer', 'animals', 'tennis']",36,"296 Benjamin Rapids Suite 816
Gregoryton, MD 19582",Microsoft,91
9b8a3e97-eee6-4de5-ab88-e00d2c0db6b9,Janet Bolen,JB@gmail.com,"['dogs', 'soccer']",6,"5939 Crawford Islands Apt. 775
Reedmouth, GA 72339",Google,39
61d88e0e-c0e7-4352-85ad-555e464ff933,Cassandra Gillikin,CG@gmail.com,"['soccer', 'science']",27,"195 Hanson Overpass
New Carolynberg, RI 53669",Google,59
2ad548cd-a899-4992-972b-92cde9cea8f1,Donna Adams,DA@gmail.com,"['travel', 'soccer', 'public speaking', 'science']",27,"20643 Rice Fords
Bethshire, CO 85308",Microsoft,64
ffdb3615-516c-422f-aa24-a137e3027d3a,Maria Hughes,MH@gmail.com,"['food', 'technology', 'cooking']",35,"833 Erik Forest
Michaelberg, NY 91180",HTC,30
31ff6616-c1dc-4b9a-8091-0b4d0cac25b1,Edna Horner,EH@gmail.com,['science'],15,"521 Wagner Cliff
Dianefurt, WY 33795",Apple,4
c924f935-cff8-45c0-b4b7-5ed2c6cdaac8,Marie Carrizales,MC@gmail.com,"['food', 'food']",0,"5436 Barry Forges
South Elizabethburgh, ID 73937",Microsoft,9
941db1b1-270d-47f8-8a96-43f5a7481f03,Dwight Jefferson,DJ@gmail.com,"['healthy eating', 'science', 'public speaking', 'veganism']",14,"70091 Davis Spurs
New Georgeborough, TX 29949",Motorola,86
e8849148-1482-4926-9f28-a537630b9ba2,Sharon Lindsey,SL@gmail.com,"['dogs', 'public speaking', 'fitness']",15,"89108 Shannon Terrace
West Robert, DE 18285",Samsung,20
b7e4b060-7b74-408f-b7d7-67a5e1dbfce3,Crystal Scott,CS@gmail.com,"['food', 'fitness', 'dogs']",44,"11587 Harris Glens Suite 320
South Rodneyhaven, NY 26221",Huawei,43
5870e611-6218-48e1-a9a0-ba86fe5598f7,Mary Carlin,MC@gmail.com,['public speaking'],19,"858 Wilson Throughway
Lake Craigburgh, CA 21543",Google,19
241d5c6e-06c7-491b-b23e-f8d6ddc0240a,Amy Fernandez,AFiobiqzxrfh,"[0, 1]",42,"8688 Austin Fork Suite 912
East Brittanyville, WV 82339",Motorola,44
f73a01fe-444d-4b94-8d0e-4ec2cb97495b,Kim Thomas,KT@gmail.com,"['food', 'science', 'animals']",27,"23112 Lawson Landing Suite 505
Randallview, CO 46124",Apple,57
56e65b5b-e1b4-4f67-b596-e75bf103783b,Helen Carter,HC@gmail.com,"['healthy eating', 'culture', 'fitness']",35,"989 Michelle Rapids Apt. 826
New Alyssabury, AK 36821",Microsoft,17
4027aa31-4bda-4e1d-92f7-49de962e8da9,Stacy Parker,SP@gmail.com,['animals'],23,"93081 Martinez Estate Suite 892
Harmonville, MO 67397",Microsoft,32
2546684f-0387-4c46-b19b-9a5ddb2ef221,John Baker,JB@gmail.com,"['travel', 'fitness', 'healthy eating', 'public speaking']",7,"9062 Janice Fords Suite 579
Taraside, MT 20707",Google,93
93dd80c0-4ff2-42ed-9949-1621b0a68c63,Linda Weissgerber,LW@gmail.com,"['culture', 'fitness', 'food', 'veganism']",42,"Unit 1015 Box 5864
DPO AA 10815",HTC,57
4bc62825-3109-4796-9465-1bf853165347,Billie Frank,BF@gmail.com,"['technology', 'food', 'dogs', 'soccer']",43,"287 Harris Common Suite 990
Emilyburgh, AK 56009",Motorola,66
ef147ea5-9696-44d5-b6c2-a43f62fd8ce2,Anne Davies,AD@gmail.com,"['studying', 'soccer']",42,"927 Sanders Port
Owensville, AL 42282",Apple,87
f5d9a26e-986d-4d8e-a1c9-69493fb64736,Cordelia King,CK@gmail.com,"['culture', 'cooking', 'technology', 'travel']",36,"9025 Karen Springs
Esparzaton, CA 98219",Apple,99
a540d720-b44a-4d3d-9643-e12bca77d1f3,Ronald Jines,RJ@gmail.com,"['soccer', 'travel']",15,"287 Jessica Forge Apt. 180
Walkerhaven, OH 36424",Google,8
ce7c338c-cad4-408f-895b-510ca73a388b,Carmen Sander,CS@gmail.com,"['travel', 'food', 'culture']",22,"64510 Howard Fork
West Samantha, GA 83833",Google,36
4793cc6d-be60-42cc-bfd4-7ce8fd4d0eab,Patricia Brown,PB@gmail.com,"['veganism', 'travel']",0,"737 Frederick Squares Suite 479
East Tiffanyhaven, RI 58805",Microsoft,83
38cceae3-14e0-49bb-8087-f6f210a2053a,Jan Lopez,JL@gmail.com,"['veganism', 'technology']",39,"4415 Valencia Summit Apt. 220
South Kimberly, MA 71559",Samsung,1
ddc4db8e-0000-48c4-8fdb-d32af87fb823,Robert Clarke,RC@gmail.com,"['tennis', 'food', 'dogs']",16,"90239 Mckay Crossroad
Roberthaven, SC 74994",Apple,0
7f8ef27a-73f4-4bc1-aa62-f8aaea817294,David Watkins,DW@gmail.com,"['soccer', 'studying', 'food', 'tennis']",16,"118 Rodney Pine Suite 445
Port Jeffrey, MS 16199",Apple,67
db392b86-6ba5-4a9b-933a-a2553488bb62,Reta Brown,RB@gmail.com,"['healthy eating', 'culture']",10,"3477 Joseph Trail
Thomasview, CA 55294",xtzqw,57
66663a0d-856f-487f-a2a2-258af21ab3e5,Eva Fontenot,EF@gmail.com,"['healthy eating', 'science', 'public speaking']",21,"489 Jackson Plaza Apt. 346
Port Nicoleshire, CT 86594",Apple,58
3f218ab6-a288-4ee8-affc-3d02a9cbff5f,Judy Bailey,JB@gmail.com,['food'],29,"066 Shane Trail Apt. 030
Port John, NE 90720",Microsoft,8
cbc99939-e6a6-4269-9819-bffce6f38751,Jose Suiter,JS@gmail.com,"['cooking', 'education', 'fitness', 'soccer']",5,"41768 Hannah Canyon Apt. 170
North Ann, MN 10765",Samsung,1
e69d9ade-20e5-4e31-bc70-5a46556c530f,Rhoda Thomas,RT@gmail.com,"['dogs', 'food']",16,"Unit 7564 Box 1230
DPO AP 95924",Samsung,57
f8926cfa-7036-4929-b5db-925c26daea1a,Mary Gingues,MG@gmail.com,"['education', 'soccer', 'travel', 'dogs']",31,"03671 Luis Heights
Mccannborough, MO 45292",Microsoft,21
cab84c6a-e342-43ab-85a1-9c6ac1e93bac,Johnny Dekle,JD@gmail.com,"['cooking', 'soccer', 'animals']",1,"360 Nathan Oval
South Jonathon, MT 55707",Apple,93
54729154-eb5c-413a-8837-887365057910,Ricky Reeves,RR@gmail.com,['science'],14,"USS Thomas
FPO AA 04495",Huawei,36
d3aa94aa-3e81-49e4-915a-d269e4f42f29,Michael Davis,MD@gmail.com,"['science', 'dogs', 'tennis', 'science']",38,"816 Yang Wall Suite 778
East Andrew, SC 48958",Motorola,77
a4fd7920-9edf-4930-84bd-7a38b3bf9cec,Wayne Calabrese,WC@gmail.com,"['food', 'fitness']",39,"03829 Matthew Hollow
Lake Matthewland, KY 72330",HTC,59
e2377b94-f06a-49ed-a266-377c4b07e980,Dirk Fletcher,DF@gmail.com,"['dogs', 'cooking', 'fitness']",28,"68303 Carrillo Walk
Donnaland, IN 25450",Microsoft,11
beb1f34e-7870-46d6-9fc7-2e12eb83ce43,Linda Mcclurg,LM@gmail.com,"['food', 'cooking', 'technology', 'science']",13,"Unit 3999 Box 7280
DPO AP 36681",Huawei,54
5b62e10e-3c19-4d28-a57c-e9bdc3d6758d,Elvin Gehrke,EG@gmail.com,['tennis'],24,"Unit 3930 Box 4373
DPO AP 90809",Google,56
89572273-761e-46f3-8b99-1689d98aac90,William Shatley,WS@gmail.com,"['dogs', 'public speaking', 'animals', 'soccer']",9,"Unit 8924 Box 8191
DPO AP 75694",Samsung,7
6178d76a-af2e-4453-93ee-02ca23ed3fdc,Jose Hughes,JH@gmail.com,"['cooking', 'cooking', 'cooking']",29,"PSC 7480, Box 4771
APO AE 82831",Apple,23
b3a84639-5a4f-4c97-8ea8-2ac49882e27a,Ruth Ortega,RO@gmail.com,['fitness'],10,"1992 Christopher Forks Apt. 487
Beckyborough, ME 48970",HTC,86
274ac4ac-395a-4f70-90e5-9771ac3db11b,Diane Arrington,DA@gmail.com,"['food', 'travel']",32,"588 Michael Road
Lake Larryberg, MD 40485",Apple,60
de1d478e-3552-4223-b039-d3086cc485ec,Robert Sommer,RS@gmail.com,"['cooking', 'education']",17,"8748 Lewis Via Suite 013
Robertfort, TN 84094",Motorola,21
10f311c3-f547-4260-8c0e-a155008b7936,James Moore,JM@gmail.com,"['cooking', 'healthy eating', 'soccer']",18,"023 Joshua Mountains Apt. 952
Port Stephanie, NY 87638",Samsung,7
b0c22f82-b882-4394-bf27-6dfadf26e5c2,Anthony Keil,AK@gmail.com,['studying'],11,"6520 Mary Bridge Suite 490
North Juliashire, UT 32383",HTC,31
8abcf667-7be3-439f-97bb-3375a3de366c,Carlos Cobb,CC@gmail.com,['education'],41,"0709 Wood Glens
South Jessica, SD 13655",HTC,75
3d13e0d3-e765-4065-9221-3f864689b9e0,Mark Nettles,MN@gmail.com,"['dogs', 'education', 'dogs']",8,"56558 Morales Neck Apt. 243
Port Sherylhaven, OK 55241",HTC,2
b473e898-b7b0-4a57-959d-484bf4cc4483,Lee Horn,LH@gmail.com,"['food', 'soccer']",44,"319 Michael Village
West Sherrihaven, WI 75916",Huawei,34
a94a7d87-65df-4c21-847a-0e8af6cb5c02,Kenneth Hage,KH@gmail.com,"['dogs', 'culture']",31,"4831 Robert Inlet Apt. 480
Bradleychester, SD 24116",Motorola,62
6eb62858-f6f3-4846-8054-52df483979de,June Joseph,JJ@gmail.com,"['animals', 'public speaking']",31,"89496 Webster Road Apt. 848
West Meganshire, OK 40892",Motorola,55
fc709c94-7491-4753-ad53-dfee49823a2f,Lauri Minnis,LMgovskansxq,"['soccer', 'healthy eating', 'veganism']",28,"72333 Joy Dale
North Brandon, MN 60449",Motorola,36
9fbae7e6-65a9-4753-8db9-5f7855b6a540,Michele Calloway,MC@gmail.com,"['soccer', 'animals', 'soccer']",23,"931 Martinez Walk Apt. 141
Lake Cherylborough, WV 85477",Apple,90
b596e7d8-dd3f-4125-8b99-4bf2283657cd,James Rowley,JR@gmail.com,['cooking'],38,"093 Jessica Hollow
East Robert, MO 02206",Huawei,10
58fc0c8b-f669-4ee3-9a92-6d4290d85277,Willis Brockman,WB@gmail.com,"['education', 'fitness', 'dogs', 'healthy eating']",12,"5619 Floyd Stream Suite 948
Pruittmouth, WA 61597",Apple,7
2941011b-f214-4430-8a14-e791ed0805bb,Frank Waggoner,FW@gmail.com,"['studying', 'tennis']",4,"1211 Scott Square
Josephmouth, MI 42469",Samsung,98
104c4dcb-70d5-4d87-b5b5-8b67205891fe,Anita Gilliam,AG@gmail.com,"['fitness', 'culture', 'cooking', 'studying']",7,"8332 Timothy Run Apt. 980
Martinfurt, NY 85874",Huawei,6
c8145b49-3841-466e-9d49-a636ce2e7d1f,Robert Holt,RH@gmail.com,"['food', 'technology', 'food', 'education']",7,"0702 Jones Village Suite 219
South Rhondabury, WA 14290",Huawei,18
bb987a93-cd4f-4b6b-8691-0997ff8a8ce8,Pauline Rose,PR@gmail.com,"['dogs', 'science', 'animals', 'studying']",37,"62549 Turner Plaza
North Courtney, DC 46366",Samsung,74
2ef20e99-8be8-4ab6-a817-83991f7a0fa3,Antonia Witt,AW@gmail.com,"['food', 'veganism', 'soccer', 'travel']",7,"7813 David Lights
Riceton, MI 36593",Microsoft,82
34fcadd6-fa9b-4404-981a-c70c86cde556,Rosalee Jacinto,RJ@gmail.com,['healthy eating'],36,"Unit 6479 Box 6124
DPO AE 50619",Motorola,38
de050611-e926-43bb-b1ea-502d8bd25bfc,Karen Rios,KR@gmail.com,"['science', 'technology', 'cooking']",3,"8912 Katherine Plaza
Port Jenna, VA 59860",Huawei,98
41cd692a-be3c-4acd-a2c8-184586bdc180,Lawrence Hall,LH@gmail.com,"['education', 'tennis', 'food']",42,"755 John Wells
Lake Kimberly, AL 50065",Motorola,62
596342af-6379-4551-8379-f4b805f9d576,Dale Ordman,DO@gmail.com,"['soccer', 'cooking', 'studying', 'public speaking']",37,"242 Robinson Fields Suite 501
Goodstad, OH 93845",HTC,72
ade9db41-034e-4b27-befb-42117025dab0,Rebecca Hepler,RH@gmail.com,"['public speaking', 'tennis']",43,"8206 Wheeler Cape Suite 841
New Alexis, MT 62531",Microsoft,24
5fbf758a-376b-472c-8aca-a87ff1db3e6d,Hannah Stiles,HS@gmail.com,"['technology', 'tennis', 'soccer']",38,"32657 Williams Estate
North Richardburgh, UT 13023",Motorola,81
15c2ba5b-eeb6-4d9b-a0e2-7d5461a21c0a,Garrett Lewis,GL@gmail.com,"['education', 'healthy eating', 'studying', 'veganism']",28,"92743 Colleen Isle Apt. 112
Nicholsview, NJ 76127",Motorola,13
a483c273-aee5-44bc-883e-d6963157aa4c,Brian Collins,BC@gmail.com,"['animals', 'dogs']",41,"9200 Gamble Brooks
Davidberg, WI 96602",Google,11
561b08d6-1084-4115-933d-db3e60edfd8b,Alma West,AW@gmail.com,"['soccer', 'soccer']",12,"88245 Alexander Road
Garnertown, MD 84931",Samsung,59
c43c2351-9591-4122-acdd-b521723d7292,Gregory Rosales,GR@gmail.com,"['veganism', 'travel', 'cooking', 'food']",39,"0065 Conner Falls Apt. 432
Billyton, MD 48708",Google,81
1879b698-1639-438e-a07e-ddd735f8d57c,Gregory Snow,GS@gmail.com,['tennis'],17,"3728 David Station Suite 760
East Joshuaview, PA 21804",Apple,30
94bf7864-a52e-405e-a729-9702bf79c234,Pamela Jones,PJ@gmail.com,"[0, 1]",16,"285 Robertson Trail Apt. 317
Lindastad, VT 81128",Apple,63
bec3a622-1373-49c2-9d57-e0281c34f5cf,Stacey Fritz,SF@gmail.com,"['cooking', 'animals', 'studying', 'fitness']",20,"376 Joshua Port
Port Tracyborough, CA 54430",HTC,51
e6a52b6a-20ec-4b09-bbb7-4a1138014985,Mari Gonzalez,MG@gmail.com,['technology'],2,"210 Jessica Falls Apt. 733
Josephton, DC 18690",Huawei,41
2129de92-ee91-425f-a854-07c553ee0b74,Donna Folsom,DF@gmail.com,"['science', 'animals', 'animals', 'food']",37,"USNV Newman
FPO AE 24533",Google,20
f3eb7ee0-7788-43a0-9686-1c399260b17e,Michael Kenoyer,MK@gmail.com,"['technology', 'food']",39,"08535 Johnson Springs
New Kevinstad, IN 80720",HTC,15
aab5b5d2-682b-4b27-89ae-cf7803f76786,Rhonda Davis,RD@gmail.com,"['animals', 'education', 'healthy eating', 'travel']",6,"782 Jack Lodge Apt. 060
Browntown, HI 75958",Samsung,52
571d7193-a3e6-4909-b25c-e891fc126f31,Michael Allen,MA@gmail.com,['animals'],26,"346 Cruz Street
Wintershaven, IN 76589",Samsung,72
f2a3b679-edc8-4b0e-9793-995ef2e100f2,Beverly Courtney,BC@gmail.com,['soccer'],41,"63468 Zuniga Island Suite 058
Hillbury, NY 22177",Microsoft,78
4fe420fa-a193-4408-bd5d-62a020233609,Charles Taylor,CT@gmail.com,['healthy eating'],38,"39270 Linda Wall Apt. 032
Jonesburgh, AZ 55032",Apple,5
57617bf3-b7d0-49cb-8d88-7d8346656397,Alexander Danker,AD@gmail.com,"['healthy eating', 'culture']",30,"5969 Brian Dale
Lopezbury, NY 43477",HTC,15
ba55c3a8-5ab2-486a-8c90-b972117453bb,Michael Eudy,ME@gmail.com,"['culture', 'science', 'healthy eating', 'fitness']",42,"870 Catherine Crescent
Jesusland, ID 53207",Microsoft,54
b9bcd994-f000-4f6b-87fc-caae08acfaa1,Ruth Noriega,RN@gmail.com,"['public speaking', 'studying']",20,"69010 Clark Tunnel
Andrewhaven, OK 11456",Microsoft,56
1ff398e4-6b68-451d-9b00-2d2a565ba22a,Fae Bush,FB@gmail.com,"['culture', 'travel']",29,"87079 Cross Extension Suite 431
New Davidtown, ID 06080",HTC,68
70848bd7-6cd5-4686-b22b-a9afb05541a5,Shirley Yamada,SY@gmail.com,['food'],17,"57117 Black Shoals Apt. 211
Katherineview, RI 58972",HTC,56
8298747d-33c8-441c-9c5a-a6cf648c95d8,James Kelcourse,JK@gmail.com,"['dogs', 'tennis', 'education', 'fitness']",1,"22016 Estes Square Apt. 179
New Ericberg, LA 25809",Huawei,5
71519e2e-6e97-4b73-a346-cc3a91cb4661,Carlos Rushing,CR@gmail.com,['fitness'],40,"5465 Stefanie Prairie Apt. 420
Lake Judy, CA 54311",HTC,45
69f2735b-eee6-4fc1-a934-b31c20beb780,Meagan Starr,MS@gmail.com,"['science', 'healthy eating', 'healthy eating']",26,"4803 Vanessa Forks
Ballstad, PA 29187",HTC,41
306662a5-e17a-44a4-bb67-cc858ae1dccd,Clifford Ma,CM@gmail.com,"['culture', 'science', 'healthy eating']",15,"965 Collier Square
Amymouth, NJ 27055",Huawei,14
939dbcf5-024b-4e63-9e7e-2f15c8b346ba,Stanley Gough,SG@gmail.com,"['education', 'tennis']",19,"5595 Acevedo Lodge
Markmouth, NJ 03458",Google,60
3a752edf-f723-46a5-bffb-4a9ed6475546,Eli Anderson,EA@gmail.com,"['studying', 'technology', 'culture']",21,"5880 Julie Road
West Holly, AZ 85825",Samsung,24
766886c9-a63a-4446-bb4a-07d611b3b212,Lance Spencer,LSdtqsemuido,"['animals', 'studying', 'dogs', 'animals']",24,"7406 Ray Ports
East Adamview, CA 79808",Google,63
8c9c5ee7-9c8c-4842-bbd1-1d1e51da8164,Jeremy Rooney,JR@gmail.com,"['cooking', 'science']",31,"USNV Cole
FPO AA 11574",Microsoft,92
f46eee2a-6024-4046-a6f4-5232366edb87,Thomas Wickman,TW@gmail.com,"['cooking', 'culture', 'fitness', 'cooking']",1,"USCGC Wang
FPO AP 92458",Google,17
052faed2-37ac-4a2c-ba6f-2657322e4fa5,Anna Despain,AD@gmail.com,['cooking'],14,"93322 Marc Meadows
West Christina, OK 19087",Samsung,84
4edc3d1a-a7d9-4db6-89c3-f784d9954172,Michelle Bell,MB@gmail.com,"['travel', 'tennis', 'studying']",16,"958 Dalton Turnpike Apt. 529
Morenoland, ND 30458",Samsung,13
23a48585-f2cf-4a20-8d30-f49361d5625c,Jessica Gray,JG@gmail.com,"['cooking', 'animals', 'studying', 'public speaking']",39,"USS Henry
FPO AE 30895",Microsoft,15
2019ba88-1967-43e6-9710-b17ade18afb3,Ruth Washington,RW@gmail.com,"['technology', 'travel', 'dogs', 'fitness']",16,"341 Brandon Ford
West Christineton, ME 06206",Motorola,26
55380131-13c6-4a5c-8826-ead0ea8895cc,James King,JK@gmail.com,"['animals', 'fitness', 'travel', 'culture']",3,"0005 Gary Terrace Suite 782
New Brandonton, TX 22928",Samsung,87
b1954833-b6a5-4c6c-9709-80686b7768c4,Jacob Mcwhite,JM@gmail.com,"['healthy eating', 'fitness']",16,"5371 Hodges Fords Apt. 787
Hicksmouth, WY 94020",Huawei,90
34e8add9-0206-47fd-a501-037b994650a2,Racheal Hart,RH@gmail.com,"['studying', 'public speaking']",17,"30254 Gregory Canyon Suite 734
West Sarah, MT 91811",Microsoft,96
1ea3d5d6-7e6d-4554-b31d-ea31dc2150f9,Michael Dwyer,MD@gmail.com,['tennis'],6,"568 Bryant Square Suite 312
South William, CA 05838",qxugb,49
4cbd005f-69d5-4a83-9947-7009f69c0e7d,Mary Vasquez,MV@gmail.com,"['healthy eating', 'technology', 'public speaking']",4,"00903 Lynn Place Apt. 835
Juanstad, MD 22409",Huawei,58
cb97b0ea-fc93-4597-b391-846710c6fedc,Jordan Cloe,JC@gmail.com,"['soccer', 'education', 'veganism']",6,"196 Claire Radial
Lake Jacobstad, MD 36343",Apple,36
a5c65404-5894-4b87-82f2-d787cbee86b4,Jaymie Hastings,JH@gmail.com,"['technology', 'animals']",5,"PSC 8837, Box 6590
APO AE 71776",Huawei,23
108fc1be-9c15-440a-9cab-634c3f414dcc,Bill Nopper,BN@gmail.com,"['dogs', 'travel', 'technology']",24,"5969 Bond Plaza
Carlburgh, SD 76175",Motorola,60
83f8edc6-90b1-4f96-a80b-d6aa74103610,Allen Smith,AS@gmail.com,"['healthy eating', 'culture', 'fitness', 'public speaking']",9,"087 Gloria Walks Apt. 513
South Abigailchester, NV 52268",HTC,57
f11e8adf-a550-4e7a-ab81-dbccd952dff8,Daryl Mero,DM@gmail.com,"['veganism', 'tennis']",18,"343 Julia Landing
Dominiquetown, OH 88073",Samsung,3
4fe1900d-5e78-41a3-88ed-18e6889c6c77,Wallace Nyberg,WN@gmail.com,['food'],8,"325 Jennifer Brook
Alyssamouth, TN 32854",Samsung,48
f25dc445-de4a-47ee-92a4-0ff29c56656d,Jamie Thomas,JT@gmail.com,"['science', 'public speaking', 'veganism']",25,"573 Sanders Parkways
New Lindashire, ND 17440",Huawei,7
007a1366-a46f-40f1-9ba5-01245aeaf20f,Kathryn Lowery,KL@gmail.com,"['veganism', 'veganism']",37,"3156 Robinson Station
South Matthew, NE 96918",Microsoft,51
fd4da61a-5102-4311-8b9f-2ec57bfac6b1,Bruce Porter,BP@gmail.com,['education'],22,"20641 Turner Causeway
Robertville, MT 44649",Samsung,24
542041fb-f361-4353-b0f0-442c1585317a,Oma Aldridge,OA@gmail.com,['science'],4,"910 Stephen Square
Weaverchester, RI 60451",Google,36
f86853a2-acda-4319-a50c-03f014248042,James Manske,JM@gmail.com,"['tennis', 'science', 'tennis', 'science']",43,"18913 Curtis Union
Perrystad, LA 97749",HTC,32
d2e48a3d-aeca-4b36-8550-f8cbb10d09b8,Helen Barette,HB@gmail.com,"['cooking', 'studying']",5,"565 Rogers Gardens Suite 613
East Kevin, CT 42190",Google,83
3eb6dad3-c017-4e77-8920-fbdea84b0acc,Doris Jenkins,DJ@gmail.com,"['veganism', 'science']",29,"490 Jessica Radial
Lake Connorton, CT 69222",HTC,49
4c0558bc-b0d9-44b0-8b70-5fc6acb6c362,Henry Mester,HM@gmail.com,"['animals', 'science', 'education', 'animals']",43,"45078 Darrell Prairie
Lake Amanda, MT 73755",Apple,34
b8c653b5-0118-4d7e-9bde-07c2de90f0ff,William Paiva,WP@gmail.com,"['culture', 'science', 'science']",38,"625 George Vista Suite 798
Port Leroymouth, IN 75442",Apple,28
9bbcd241-2de4-4a55-a3fe-2292cfbdc11c,Randy Huynh,RH@gmail.com,['soccer'],32,"USNV Wright
FPO AA 24117",Samsung,88
0ce03276-e538-4c96-bcae-9844fb0628ac,Oliver Kirby,OK@gmail.com,"['food', 'veganism', 'veganism', 'education']",12,"49322 Valdez Creek
New Christineton, WI 36487",Apple,69
7240bf9b-7424-4c04-aab1-1d7aa39964d9,Jerry Keeton,JK@gmail.com,"['dogs', 'soccer', 'dogs', 'veganism']",10,"727 Sarah Trail
Christineburgh, NM 22196",Motorola,30
7d8c8c77-77a8-4743-b35f-349c0ac07866,Clyde Wheelis,CW@gmail.com,['travel'],13,"943 Wilson Fields Apt. 509
Williamston, MO 37340",Microsoft,95
9664d628-9163-4aae-94e0-311f3bdb2f11,Anthony Dunkerson,AD@gmail.com,"['travel', 'animals', 'education']",42,"73298 Osborne Mountain
Tuckerfort, WV 57942",Huawei,56
c1c53b8c-b6a8-4343-a369-4a0595a97807,Willie Green,WG@gmail.com,"['dogs', 'veganism', 'culture']",11,"18871 Doyle Square Apt. 062
Wrightport, SC 56127",Samsung,58
f7785ec1-7383-4815-8206-80de7c05fdf9,Deanna Craig,DC@gmail.com,"['studying', 'cooking', 'animals']",44,"16530 Vincent Station
North Christina, MA 49269",Samsung,12
d47fd6cf-20fa-45fe-97a1-b8aca043c9a8,Natasha Hazelwood,NH@gmail.com,"['fitness', 'veganism', 'public speaking', 'technology']",13,"50989 Maria Port
East Marissa, ME 50294",Motorola,20
23cc47ff-e5cd-4915-828d-258aefce5a14,Grant Chadwick,GC@gmail.com,"['soccer', 'animals', 'healthy eating']",23,"19372 Blake Ranch Suite 419
New Danielborough, VA 97870",HTC,63
5d04455b-a95e-40d8-bcd4-8c485777c47f,Deborah Nealy,DN@gmail.com,['travel'],29,"987 Villanueva Common
South Patrickburgh, NE 86817",Google,9
d56c9d87-7d56-4a5e-a0e8-bbc4ddc3242c,Amber Wooten,AW@gmail.com,['science'],28,"Unit 2884 Box 7963
DPO AE 42637",Motorola,94
2dd186bb-7a28-4e80-99c7-f1936afc7b49,Benita Brady,BB@gmail.com,"['cooking', 'science', 'studying', 'culture']",16,"473 Ronald Manor
East Olivia, ME 99898",Apple,66
317c70d5-fe65-4663-afb1-150108e0e55c,Berry Prosper,BP@gmail.com,['animals'],26,"2227 Jesse Plaza Suite 997
Webbland, MS 23476",Microsoft,76
acfcd174-178c-4af3-8118-5be702fb80cf,Shirley Riggan,SRkbabommpez,[0],37,"03255 Jordan Route Apt. 919
Nicholasbury, SC 51073",Google,65
953cb190-5704-4926-adc2-057c6f3e3cb4,Mario Phelps,MP@gmail.com,['animals'],9,"3155 Kristy Forest Apt. 783
East Aliciaside, NJ 76888",Microsoft,95
a81378a5-58de-4631-b2b1-3eca765f68c6,Sonia Durham,SD@gmail.com,['education'],5,"2004 Chelsea Port
Amandatown, ID 77468",Huawei,29
1d8dfb6a-330c-4eb9-a603-364f207c6e57,Elizabeth Reinwald,ER@gmail.com,"['food', 'food']",16,"01026 Margaret Rapid Apt. 728
Lake Martinburgh, MS 06268",Samsung,18
26c9a1fc-78b0-460b-8931-cec1dc87aa0d,Mabel Randall,MR@gmail.com,"['science', 'technology', 'technology', 'education']",0,"667 Megan Plaza Suite 327
South Pamelaland, ND 47212",HTC,15
054b5d2a-7ee3-49c8-912a-1cf58389ae60,Walter Lund,WL@gmail.com,"['studying', 'healthy eating', 'fitness', 'culture']",36,"31352 Alan Vista
New Amyshire, ND 40158",Microsoft,92
77a7b81e-96f7-4e5a-92c7-5b07f7333913,Joyce Sanders,JS@gmail.com,"['cooking', 'travel']",5,"308 Joanna Fort
South Nicholasfort, AZ 95072",Samsung,2
04e52602-e370-4a99-bfda-f0c1655058da,Mark Turpin,MT@gmail.com,"['culture', 'animals', 'food']",6,"USNV Lee
FPO AP 28828",Motorola,47
fdbaec82-bc98-47b8-8fe6-4aec7524e8e3,Irene Marrow,IM@gmail.com,"['tennis', 'healthy eating', 'food']",35,"6361 Paula Summit Suite 040
North Marytown, TN 78911",Huawei,3
84bd5adb-286c-429a-926d-4ea120270825,Eleanor Monty,EM@gmail.com,"['veganism', 'science']",6,"20737 Tanya Ranch Apt. 500
South Raymond, FL 93608",HTC,46
b7fb2028-4cfc-440b-a1b1-4101f12f7abe,Michael Greene,MG@gmail.com,"['animals', 'science']",9,"00059 Christina Tunnel
Blakefort, VA 87906",Motorola,19
07061727-dc05-4411-ab78-79f95b1869a9,Lana Forrest,LF@gmail.com,['dogs'],38,"6846 Jennifer Court
South Christophershire, OR 42839",Huawei,81
5b3b843e-7c66-4eac-82b6-8d6f7a19277c,Lloyd Gabert,LG@gmail.com,"['technology', 'fitness']",33,"35598 Whitehead Plains
Robinland, AL 05689",Huawei,46
d0ea9a00-4ea9-4c81-b16a-a20b72f824ea,Phillip Johnson,PJ@gmail.com,['fitness'],15,"USS Dawson
FPO AA 46857",Apple,8
7246fed1-8725-4dbb-bccd-5451346f122d,Candice Dickerson,CD@gmail.com,"['food', 'healthy eating']",19,"617 Douglas Turnpike
East Rebeccashire, WI 48819",Apple,74
1f7e22c8-558a-4b6f-a04f-b219593f029e,Tracey Corbett,TC@gmail.com,"['tennis', 'veganism', 'education', 'soccer']",21,"710 Tiffany Knoll Suite 379
Carterport, HI 44352",Motorola,59
0d47a133-383b-4a9c-976c-697ac65ccb19,Jennifer Mcintosh,JM@gmail.com,"['healthy eating', 'travel']",5,"61708 Terri Walks Suite 867
East Dylan, MD 80914",Samsung,23
db0066e1-83cc-43f3-990b-983010aa5370,Marion Stecklein,MS@gmail.com,['soccer'],14,"1944 Gonzalez Cove
South Jason, SD 65716",Microsoft,35
d6204684-926d-41db-ae9c-a7bf2e76313a,Jeffery Zerbe,JZ@gmail.com,"['public speaking', 'dogs']",24,"41287 Miller Isle
Tylermouth, VT 38540",Motorola,99
07f4dcd0-2bf3-4f21-9da3-b054b511ae00,Darcel Smith,DS@gmail.com,"['education', 'science', 'animals', 'public speaking']",24,"51539 Sullivan Extensions Apt. 265
South Travisland, FL 73790",Samsung,91
